Timestamp,Atribration_id,dlc,data
1757527797.1173327,0x18820810,3,07020f
1757527797.1174507,0x18820810,8,102020436f6e7469
1757527797.1175795,0x18820810,7,006e756f757300
1757527797.1176596,0x18820810,3,070202
1757527797.117781,0x18820810,3,101e00
1757527797.1178653,0x19000410,3,071fff
1757527797.1206317,0x19000410,3,101fff
1757527797.1226625,0x19000410,3,101fff
1757527797.1227465,0x19000410,3,071fff
1757527797.1231434,0x19000410,3,101fff
1757527797.326194,0x18820810,3,07020f
1757527797.3263295,0x18820810,8,102020436f6e7469
1757527797.3264587,0x18820810,7,006e756f757300
1757527797.3265483,0x18820810,3,070202
1757527797.3266776,0x18820810,3,101e00
1757527797.3267686,0x19000410,3,071fff
1757527797.3293943,0x19000410,3,101fff
1757527797.3314257,0x19000410,3,101fff
1757527797.3315094,0x19000410,3,071fff
1757527797.3319025,0x19000410,3,101fff
1757527797.4449456,0x18820810,1,12
1757527797.445189,0x19000410,3,121fff
1757527797.5350692,0x18820810,3,07020f
1757527797.5352004,0x18820810,8,102020436f6e7469
1757527797.5353315,0x18820810,7,006e756f757300
1757527797.5354176,0x18820810,3,070202
1757527797.535541,0x18820810,3,101e00
1757527797.5356293,0x19000410,3,071fff
1757527797.5379074,0x19000410,3,101fff
1757527797.5397394,0x19000410,3,101fff
1757527797.5398228,0x19000410,3,071fff
1757527797.5401917,0x19000410,3,101fff
1757527797.7439475,0x18820810,3,07020f
1757527797.7440705,0x18820810,8,102020436f6e7469
1757527797.744205,0x18820810,7,006e756f757300
1757527797.7442954,0x18820810,3,070202
1757527797.7444153,0x18820810,3,101e00
1757527797.7445085,0x19000410,3,071fff
1757527797.7468777,0x19000410,3,101fff
1757527797.7487078,0x19000410,3,101fff
1757527797.7487915,0x19000410,3,071fff
1757527797.749152,0x19000410,3,101fff
1757527797.9527848,0x18820810,1,12
1757527797.9528692,0x18820810,3,07020f
1757527797.9530249,0x18820810,8,102020436f6e7469
1757527797.9531467,0x18820810,7,006e756f757300
1757527797.9532332,0x18820810,3,070202
1757527797.9533637,0x18820810,3,101e00
1757527797.9534488,0x19000410,3,121fff
1757527797.9535365,0x19000410,3,071fff
1757527797.95618,0x19000410,3,101fff
1757527797.9582112,0x19000410,3,101fff
1757527797.958297,0x19000410,3,071fff
1757527797.9586954,0x19000410,3,101fff
1757527798.1616917,0x18820810,3,07020f
1757527798.1618185,0x18820810,8,102020436f6e7469
1757527798.1619637,0x18820810,7,006e756f757300
1757527798.1620505,0x18820810,3,070202
1757527798.1621356,0x18820810,3,101e00
1757527798.1622584,0x19000410,3,071fff
1757527798.1649387,0x19000410,3,101fff
1757527798.1669705,0x19000410,3,101fff
1757527798.1670544,0x19000410,3,071fff
1757527798.167447,0x19000410,3,101fff
1757527798.3705652,0x18820810,3,07020f
1757527798.3706965,0x18820810,8,102020436f6e7469
1757527798.370833,0x18820810,7,006e756f757300
1757527798.3709185,0x18820810,3,070202
1757527798.371035,0x18820810,3,101e00
1757527798.3711216,0x19000410,3,071fff
1757527798.3733807,0x19000410,3,101fff
1757527798.3752117,0x19000410,3,101fff
1757527798.3752942,0x19000410,3,071fff
1757527798.3756623,0x19000410,3,101fff
1757527798.4565375,0x18820810,1,12
1757527798.4568648,0x19000410,3,121fff
1757527798.5794387,0x18820810,3,07020f
1757527798.579573,0x18820810,8,102020436f6e7469
1757527798.5797143,0x18820810,7,006e756f757300
1757527798.5797997,0x18820810,3,070202
1757527798.5798874,0x18820810,3,101e00
1757527798.5800095,0x19000410,3,071fff
1757527798.5824068,0x19000410,3,101fff
1757527798.584238,0x19000410,3,101fff
1757527798.584321,0x19000410,3,071fff
1757527798.584684,0x19000410,3,101fff
1757527798.7883158,0x18820810,3,07020f
1757527798.7884405,0x18820810,8,102020436f6e7469
1757527798.788583,0x18820810,7,006e756f757300
1757527798.7886703,0x18820810,3,070202
1757527798.7887566,0x18820810,3,101e00
1757527798.788878,0x19000410,3,071fff
1757527798.7916467,0x19000410,3,101fff
1757527798.7936733,0x19000410,3,101fff
1757527798.7937582,0x19000410,3,071fff
1757527798.7941508,0x19000410,3,101fff
1757527798.964387,0x18820810,1,12
1757527798.964631,0x19000410,3,121fff
1757527798.9971852,0x18820810,3,07020f
1757527798.9973204,0x18820810,8,102020436f6e7469
1757527798.9974546,0x18820810,7,006e756f757300
1757527798.997537,0x18820810,3,070202
1757527798.9976501,0x18820810,3,101e00
1757527798.9977336,0x19000410,3,071fff
1757527799.0004668,0x19000410,3,101fff
1757527799.0024972,0x19000410,3,101fff
1757527799.00258,0x19000410,3,071fff
1757527799.002977,0x19000410,3,101fff
1757527799.2060647,0x18820810,3,07020f
1757527799.206191,0x18820810,8,102020436f6e7469
1757527799.2063215,0x18820810,7,006e756f757300
1757527799.2064116,0x18820810,3,070202
1757527799.2065291,0x18820810,3,101e00
1757527799.2066145,0x19000410,3,071fff
1757527799.2089193,0x19000410,3,101fff
1757527799.2107532,0x19000410,3,101fff
1757527799.2108345,0x19000410,3,071fff
1757527799.2112055,0x19000410,3,101fff
1757527799.4149342,0x18820810,3,07020f
1757527799.4150667,0x18820810,8,102020436f6e7469
1757527799.4152002,0x18820810,7,006e756f757300
1757527799.4152846,0x18820810,3,070202
1757527799.4153943,0x18820810,3,101e00
1757527799.4154773,0x19000410,3,071fff
1757527799.4178917,0x19000410,3,101fff
1757527799.4197228,0x19000410,3,101fff
1757527799.419805,0x19000410,3,071fff
1757527799.4201756,0x19000410,3,101fff
1757527799.4722385,0x18820810,1,12
1757527799.4724145,0x19000410,3,121fff
1757527799.623809,0x18820810,3,07020f
1757527799.6239376,0x18820810,8,102020436f6e7469
1757527799.6240697,0x18820810,7,006e756f757300
1757527799.624151,0x18820810,3,070202
1757527799.6242657,0x18820810,3,101e00
1757527799.6243508,0x19000410,3,071fff
1757527799.627202,0x19000410,3,101fff
1757527799.6292286,0x19000410,3,101fff
1757527799.629309,0x19000410,3,071fff
1757527799.6297085,0x19000410,3,101fff
1757527799.8326917,0x18820810,3,07020f
1757527799.832811,0x18820810,8,102020436f6e7469
1757527799.8329487,0x18820810,7,006e756f757300
1757527799.8330367,0x18820810,3,070202
1757527799.8331563,0x18820810,3,101e00
1757527799.8332427,0x19000410,3,071fff
1757527799.8359559,0x19000410,3,101fff
1757527799.8379836,0x19000410,3,101fff
1757527799.8380687,0x19000410,3,071fff
1757527799.838467,0x19000410,3,101fff
1757527799.9800887,0x18820810,1,12
1757527799.9803715,0x19000410,3,121fff
1757527800.0415561,0x18820810,3,07020f
1757527800.0416873,0x18820810,8,102020436f6e7469
1757527800.0418267,0x18820810,7,006e756f757300
1757527800.0419123,0x18820810,3,070202
1757527800.0419993,0x18820810,3,101e00
1757527800.042117,0x19000410,3,071fff
1757527800.0444648,0x19000410,3,101fff
1757527800.0462935,0x19000410,3,101fff
1757527800.0463784,0x19000410,3,071fff
1757527800.0467412,0x19000410,3,101fff
1757527800.2504332,0x18820810,3,07020f
1757527800.2505631,0x18820810,8,102020436f6e7469
1757527800.2507017,0x18820810,7,006e756f757300
1757527800.2507877,0x18820810,3,070202
1757527800.2508814,0x18820810,3,101e00
1757527800.2510004,0x19000410,3,071fff
1757527800.2532248,0x19000410,3,101fff
1757527800.2550573,0x19000410,3,101fff
1757527800.2551441,0x19000410,3,071fff
1757527800.2555027,0x19000410,3,101fff
1757527800.4593062,0x18820810,3,07020f
1757527800.459435,0x18820810,8,102020436f6e7469
1757527800.4595728,0x18820810,7,006e756f757300
1757527800.4596608,0x18820810,3,070202
1757527800.4597483,0x18820810,3,101e00
1757527800.4598708,0x19000410,3,071fff
1757527800.462672,0x19000410,3,101fff
1757527800.4647024,0x19000410,3,101fff
1757527800.4647884,0x19000410,3,071fff
1757527800.4651804,0x19000410,3,101fff
1757527800.4879382,0x18820810,1,12
1757527800.4882827,0x19000410,3,121fff
1757527800.6681888,0x18820810,3,07020f
1757527800.6683073,0x18820810,8,102020436f6e7469
1757527800.6684463,0x18820810,7,006e756f757300
1757527800.6685352,0x18820810,3,070202
1757527800.6686223,0x18820810,3,101e00
1757527800.668743,0x19000410,3,071fff
1757527800.6715,0x19000410,3,101fff
1757527800.6735294,0x19000410,3,101fff
1757527800.673613,0x19000410,3,071fff
1757527800.6740117,0x19000410,3,101fff
1757527800.8770592,0x18820810,3,07020f
1757527800.8771815,0x18820810,8,102020436f6e7469
1757527800.8773205,0x18820810,7,006e756f757300
1757527800.8774056,0x18820810,3,070202
1757527800.8775225,0x18820810,3,101e00
1757527800.8776062,0x19000410,3,071fff
1757527800.8799582,0x19000410,3,101fff
1757527800.8817863,0x19000410,3,101fff
1757527800.881868,0x19000410,3,071fff
1757527800.8822389,0x19000410,3,101fff
1757527800.9957933,0x18820810,1,12
1757527800.9960551,0x19000410,3,121fff
1757527801.085928,0x18820810,3,07020f
1757527801.0860586,0x18820810,8,102020436f6e7469
1757527801.0861876,0x18820810,7,006e756f757300
1757527801.0862699,0x18820810,3,070202
1757527801.086384,0x18820810,3,101e00
1757527801.0864954,0x19000410,3,071fff
1757527801.0887766,0x19000410,3,101fff
1757527801.0906048,0x19000410,3,101fff
1757527801.090687,0x19000410,3,071fff
1757527801.091057,0x19000410,3,101fff
1757527801.2948058,0x18820810,3,07020f
1757527801.2949314,0x18820810,8,102020436f6e7469
1757527801.2950695,0x18820810,7,006e756f757300
1757527801.2951548,0x18820810,3,070202
1757527801.295267,0x18820810,3,101e00
1757527801.2953496,0x19000410,3,071fff
1757527801.2980082,0x19000410,3,101fff
1757527801.3000371,0x19000410,3,101fff
1757527801.3001187,0x19000410,3,071fff
1757527801.3005142,0x19000410,3,101fff
1757527801.5036457,0x18820810,1,12
1757527801.5037296,0x18820810,3,07020f
1757527801.5038745,0x18820810,8,102020436f6e7469
1757527801.5040004,0x18820810,7,006e756f757300
1757527801.504082,0x18820810,3,070202
1757527801.5041983,0x18820810,3,101e00
1757527801.5042825,0x19000410,3,121fff
1757527801.5043979,0x19000410,3,071fff
1757527801.5070448,0x19000410,3,101fff
1757527801.5090735,0x19000410,3,101fff
1757527801.5091558,0x19000410,3,071fff
1757527801.5095556,0x19000410,3,101fff
1757527801.7125683,0x18820810,3,07020f
1757527801.712687,0x18820810,8,102020436f6e7469
1757527801.7128081,0x18820810,7,006e756f757300
1757527801.7128947,0x18820810,3,070202
1757527801.7130122,0x18820810,3,101e00
1757527801.7131019,0x19000410,3,071fff
1757527801.715491,0x19000410,3,101fff
1757527801.717321,0x19000410,3,101fff
1757527801.7174053,0x19000410,3,071fff
1757527801.7177634,0x19000410,3,101fff
1757527801.9214504,0x18820810,3,07020f
1757527801.9215534,0x18820810,8,102020436f6e7469
1757527801.9216893,0x18820810,7,006e756f757300
1757527801.9217796,0x18820810,3,070202
1757527801.921872,0x18820810,3,101e00
1757527801.921996,0x19000410,3,071fff
1757527801.9242685,0x19000410,3,101fff
1757527801.9261022,0x19000410,3,101fff
1757527801.9261918,0x19000410,3,071fff
1757527801.9265497,0x19000410,3,101fff
1757527802.007406,0x18820810,1,12
1757527802.0076349,0x19000410,3,121fff
1757527802.1303163,0x18820810,3,07020f
1757527802.130447,0x18820810,8,102020436f6e7469
1757527802.1305692,0x18820810,7,006e756f757300
1757527802.1306574,0x18820810,3,070202
1757527802.1307476,0x18820810,3,101e00
1757527802.1308799,0x19000410,3,071fff
1757527802.1335742,0x19000410,3,101fff
1757527802.135608,0x19000410,3,101fff
1757527802.135699,0x19000410,3,071fff
1757527802.1360855,0x19000410,3,101fff
1757527802.339191,0x18820810,3,07020f
1757527802.3392894,0x18820810,8,102020436f6e7469
1757527802.3394372,0x18820810,7,006e756f757300
1757527802.3395245,0x18820810,3,070202
1757527802.3396456,0x18820810,3,101e00
1757527802.3397377,0x19000410,3,071fff
1757527802.3425446,0x19000410,3,101fff
1757527802.3445747,0x19000410,3,101fff
1757527802.344664,0x19000410,3,071fff
1757527802.3450525,0x19000410,3,101fff
1757527802.4219615,0x19000410,3,121fdf
1757527802.5449,0x19000410,3,121fff
1757527802.5480726,0x18820810,3,07020f
1757527802.548203,0x18820810,8,102020436f6e7469
1757527802.5483346,0x18820810,7,006e756f757300
1757527802.5484228,0x18820810,3,070202
1757527802.5485106,0x18820810,3,101e00
1757527802.5486405,0x19000410,3,071fff
1757527802.5510669,0x19000410,3,101fff
1757527802.5528975,0x19000410,3,101fff
1757527802.5529864,0x19000410,3,071fff
1757527802.55335,0x19000410,3,101fff
1757527802.7569318,0x18820810,3,07020f
1757527802.7570589,0x18820810,8,102020436f6e7469
1757527802.7571898,0x18820810,7,006e756f757300
1757527802.7572792,0x18820810,3,070202
1757527802.7573671,0x18820810,3,101e00
1757527802.7574916,0x19000410,3,071fff
1757527802.7598205,0x19000410,3,101fff
1757527802.761649,0x19000410,3,101fff
1757527802.7617383,0x19000410,3,071fff
1757527802.762094,0x19000410,3,101fff
1757527802.965804,0x18820810,3,07020f
1757527802.9659328,0x18820810,8,102020436f6e7469
1757527802.966063,0x18820810,7,006e756f757300
1757527802.9661512,0x18820810,3,070202
1757527802.9662406,0x18820810,3,101e00
1757527802.966368,0x19000410,3,071fff
1757527802.9690542,0x19000410,3,101fff
1757527802.9710836,0x19000410,3,101fff
1757527802.9711733,0x19000410,3,071fff
1757527802.9715607,0x19000410,3,101fff
1757527803.0517726,0x18820810,1,12
1757527803.051942,0x19000410,3,121fff
1757527803.174677,0x18820810,3,07020f
1757527803.1748047,0x18820810,8,102020436f6e7469
1757527803.174933,0x18820810,7,006e756f757300
1757527803.1750236,0x18820810,3,070202
1757527803.1751113,0x18820810,3,101e00
1757527803.1752381,0x19000410,3,071fff
1757527803.1778803,0x19000410,3,101fff
1757527803.179912,0x19000410,3,101fff
1757527803.1800022,0x19000410,3,071fff
1757527803.180395,0x19000410,3,101fff
1757527803.196023,0x19000410,3,121fef
1757527803.199302,0x18820810,3,07020f
1757527803.199435,0x18820810,8,1020204275727374
1757527803.1995707,0x18820810,7,00206d6f646500
1757527803.1996613,0x19000410,3,071fef
1757527803.2021806,0x19000410,3,101fef
1757527803.2040105,0x19000410,3,101fef
1757527803.3679755,0x19000410,3,121fff
1757527803.383545,0x18820810,3,07020f
1757527803.383677,0x18820810,8,1020204275727374
1757527803.3838117,0x18820810,7,00206d6f646500
1757527803.3839,0x18820810,3,070202
1757527803.383988,0x18820810,3,101e00
1757527803.3841112,0x19000410,3,071fff
1757527803.386478,0x19000410,3,101fff
1757527803.388308,0x19000410,3,101fff
1757527803.3883984,0x19000410,3,071fff
1757527803.3887546,0x19000410,3,101fff
1757527803.59242,0x18820810,3,07020f
1757527803.5925508,0x18820810,8,1020204275727374
1757527803.5926871,0x18820810,7,00206d6f646500
1757527803.592779,0x18820810,3,070202
1757527803.5928695,0x18820810,3,101e00
1757527803.5929952,0x19000410,3,071fff
1757527803.5952346,0x19000410,3,101fff
1757527803.5970662,0x19000410,3,101fff
1757527803.5971549,0x19000410,3,071fff
1757527803.597516,0x19000410,3,101fff
1757527803.8013003,0x18820810,3,07020f
1757527803.8014288,0x18820810,8,1020204275727374
1757527803.8015623,0x18820810,7,00206d6f646500
1757527803.8016512,0x18820810,3,070202
1757527803.8017392,0x18820810,3,101e00
1757527803.80186,0x19000410,3,071fff
1757527803.8046749,0x19000410,3,101fff
1757527803.806706,0x19000410,3,101fff
1757527803.8067954,0x19000410,3,071fff
1757527803.8071845,0x19000410,3,101fff
1757527803.874985,0x18820810,1,12
1757527803.8752248,0x19000410,3,121fff
1757527804.0101697,0x18820810,3,07020f
1757527804.0103006,0x18820810,8,1020204275727374
1757527804.0104332,0x18820810,7,00206d6f646500
1757527804.0105233,0x18820810,3,070202
1757527804.0106118,0x18820810,3,101e00
1757527804.0107386,0x19000410,3,071fff
1757527804.0135,0x19000410,3,101fff
1757527804.0155332,0x19000410,3,101fff
1757527804.0156229,0x19000410,3,071fff
1757527804.0160136,0x19000410,3,101fff
1757527804.2190425,0x18820810,3,07020f
1757527804.2191737,0x18820810,8,1020204275727374
1757527804.219307,0x18820810,7,00206d6f646500
1757527804.2193978,0x18820810,3,070202
1757527804.2194874,0x18820810,3,101e00
1757527804.219614,0x19000410,3,071fff
1757527804.2219572,0x19000410,3,101fff
1757527804.223788,0x19000410,3,101fff
1757527804.2238784,0x19000410,3,071fff
1757527804.224236,0x19000410,3,101fff
1757527804.2527454,0x19000410,3,121fdf
1757527804.387832,0x19000410,3,121fff
1757527804.4279156,0x18820810,3,07020f
1757527804.4280498,0x18820810,8,1020204275727374
1757527804.4281826,0x18820810,7,00206d6f646500
1757527804.428271,0x18820810,3,070202
1757527804.428364,0x18820810,3,101e00
1757527804.4284875,0x19000410,3,071fff
1757527804.430794,0x19000410,3,101fff
1757527804.4326217,0x19000410,3,101fff
1757527804.4327111,0x19000410,3,071fff
1757527804.4330723,0x19000410,3,101fff
1757527804.6367955,0x18820810,3,07020f
1757527804.6369228,0x18820810,8,1020204275727374
1757527804.6370568,0x18820810,7,00206d6f646500
1757527804.637146,0x18820810,3,070202
1757527804.6372364,0x18820810,3,101e00
1757527804.6373599,0x19000410,3,071fff
1757527804.6400359,0x19000410,3,101fff
1757527804.6420615,0x19000410,3,101fff
1757527804.6421516,0x19000410,3,071fff
1757527804.6425383,0x19000410,3,101fff
1757527804.8456728,0x18820810,3,07020f
1757527804.845807,0x18820810,8,1020204275727374
1757527804.8459332,0x18820810,7,00206d6f646500
1757527804.8460226,0x18820810,3,070202
1757527804.8461113,0x18820810,3,101e00
1757527804.8462396,0x19000410,3,071fff
1757527804.8490021,0x19000410,3,101fff
1757527804.8510273,0x19000410,3,101fff
1757527804.8511188,0x19000410,3,071fff
1757527804.8515127,0x19000410,3,101fff
1757527804.8947814,0x18820810,1,12
1757527804.8949609,0x19000410,3,121fff
1757527805.054542,0x18820810,3,07020f
1757527805.0546715,0x18820810,8,1020204275727374
1757527805.0548034,0x18820810,7,00206d6f646500
1757527805.0548942,0x18820810,3,070202
1757527805.0549817,0x18820810,3,101e00
1757527805.0551054,0x19000410,3,071fff
1757527805.0575116,0x19000410,3,101fff
1757527805.0593426,0x19000410,3,101fff
1757527805.0594313,0x19000410,3,071fff
1757527805.0597937,0x19000410,3,101fff
1757527805.2634149,0x18820810,3,07020f
1757527805.2635434,0x18820810,8,1020204275727374
1757527805.2636788,0x18820810,7,00206d6f646500
1757527805.263768,0x18820810,3,070202
1757527805.2638555,0x18820810,3,101e00
1757527805.2639782,0x19000410,3,071fff
1757527805.2662687,0x19000410,3,101fff
1757527805.2680993,0x19000410,3,101fff
1757527805.2681887,0x19000410,3,071fff
1757527805.2685487,0x19000410,3,101fff
1757527805.402633,0x18820810,1,12
1757527805.4029353,0x19000410,3,121fff
1757527805.4722874,0x18820810,3,07020f
1757527805.4724178,0x18820810,8,1020204275727374
1757527805.472556,0x18820810,7,00206d6f646500
1757527805.4726472,0x18820810,3,070202
1757527805.4727356,0x18820810,3,101e00
1757527805.4728625,0x19000410,3,071fff
1757527805.4755707,0x19000410,3,101fff
1757527805.4776056,0x19000410,3,101fff
1757527805.477694,0x19000410,3,071fff
1757527805.4780831,0x19000410,3,101fff
1757527805.6811688,0x18820810,3,07020f
1757527805.6813004,0x18820810,8,1020204275727374
1757527805.681426,0x18820810,7,00206d6f646500
1757527805.681515,0x18820810,3,070202
1757527805.6816022,0x18820810,3,101e00
1757527805.681723,0x19000410,3,071fff
1757527805.684545,0x19000410,3,101fff
1757527805.6865735,0x19000410,3,101fff
1757527805.686662,0x19000410,3,071fff
1757527805.6870506,0x19000410,3,101fff
1757527805.8900485,0x18820810,3,07020f
1757527805.890181,0x18820810,8,1020204275727374
1757527805.8903055,0x18820810,7,00206d6f646500
1757527805.8903956,0x18820810,3,070202
1757527805.890485,0x18820810,3,101e00
1757527805.8906076,0x19000410,3,071fff
1757527805.892996,0x19000410,3,101fff
1757527805.894825,0x19000410,3,101fff
1757527805.8949163,0x19000410,3,071fff
1757527805.8952765,0x19000410,3,101fff
1757527805.9104836,0x18820810,1,12
1757527805.910619,0x19000410,3,121fff
1757527806.0989132,0x18820810,3,07020f
1757527806.0990407,0x18820810,8,1020204275727374
1757527806.0991733,0x18820810,7,00206d6f646500
1757527806.0992627,0x18820810,3,070202
1757527806.0993536,0x18820810,3,101e00
1757527806.0994792,0x19000410,3,071fff
1757527806.1018038,0x19000410,3,101fff
1757527806.103637,0x19000410,3,101fff
1757527806.1037273,0x19000410,3,071fff
1757527806.1040857,0x19000410,3,101fff
1757527806.1897426,0x19000410,3,121ffb
1757527806.193155,0x18820810,6,0f0000000000
1757527806.1932464,0x18820810,1,03
1757527806.193337,0x18820810,6,0a000a790a01
1757527806.1934624,0x18820810,3,070b02
1757527806.1935852,0x18820810,6,104d454e5500
1757527806.1936767,0x18820810,5,02010c6f14
1757527806.193766,0x18820810,1,03
1757527806.1938956,0x18820810,5,02010c6714
1757527806.1939847,0x18820810,3,070101
1757527806.1941183,0x18820810,8,104275727374204d
1757527806.1942425,0x18820810,5,006f646500
1757527806.1943321,0x18820810,3,07010b
1757527806.194471,0x18820810,8,104275727374204c
1757527806.1946044,0x18820810,7,00656e67746800
1757527806.1947258,0x18820810,5,0200007a20
1757527806.1948545,0x18820810,6,0f010c700a01
1757527806.1949775,0x18820810,6,0b720c081401
1757527806.1950974,0x18820810,6,0c740f040101
1757527806.197418,0x19000410,3,0f1ffb
1757527806.2115867,0x19000410,3,031ffb
1757527806.2147157,0x19000410,3,0a1ffb
1757527806.214807,0x19000410,3,071ffb
1757527806.2162015,0x19000410,3,101ffb
1757527806.2162929,0x19000410,3,021ffb
1757527806.235053,0x19000410,3,031ffb
1757527806.235146,0x19000410,3,021ffb
1757527806.235247,0x19000410,3,071ffb
1757527806.2376637,0x19000410,3,101ffb
1757527806.238782,0x19000410,3,101ffb
1757527806.2388792,0x19000410,3,071ffb
1757527806.2413785,0x19000410,3,101ffb
1757527806.243224,0x19000410,3,101ffb
1757527806.243313,0x19000410,3,021ffb
1757527806.2551699,0x19000410,3,0f1ffb
1757527806.2567475,0x19000410,3,0b1ffb
1757527806.2570398,0x19000410,3,0c1ffb
1757527806.307782,0x18820810,3,070202
1757527806.3078732,0x18820810,3,101e00
1757527806.3080187,0x19000410,3,071ffb
1757527806.3084853,0x19000410,3,101ffb
1757527806.3619492,0x19000410,3,121fff
1757527806.516664,0x18820810,3,070202
1757527806.5167575,0x18820810,3,101e00
1757527806.5168996,0x19000410,3,071fff
1757527806.5173635,0x19000410,3,101fff
1757527806.7255425,0x18820810,3,070202
1757527806.7256372,0x18820810,3,101e00
1757527806.725725,0x19000410,3,071fff
1757527806.726188,0x19000410,3,101fff
1757527806.8688476,0x18820810,1,12
1757527806.8690434,0x19000410,3,121fff
1757527806.9344015,0x18820810,3,070202
1757527806.9344912,0x18820810,3,101e00
1757527806.9347432,0x19000410,3,071fff
1757527806.935205,0x19000410,3,101fff
1757527807.0785422,0x19000410,3,121fdf
1757527807.0818968,0x18820810,6,0f010c700a00
1757527807.0819862,0x18820810,1,03
1757527807.082075,0x18820810,6,0a000a790a01
1757527807.082201,0x18820810,3,070b02
1757527807.0823314,0x18820810,8,104275727374204d
1757527807.0824265,0x18820810,5,006f646500
1757527807.082515,0x18820810,2,0503
1757527807.082606,0x18820810,2,0500
1757527807.0827274,0x18820810,3,07020f
1757527807.0828662,0x18820810,8,1020204275727374
1757527807.0829947,0x18820810,7,00206d6f646500
1757527807.0831194,0x18820810,6,0f070e250904
1757527807.0940344,0x19000410,3,0f1fdf
1757527807.1082053,0x19000410,3,031fdf
1757527807.1113331,0x19000410,3,0a1fdf
1757527807.1114225,0x19000410,3,071fdf
1757527807.1138525,0x19000410,3,101fdf
1757527807.1149516,0x19000410,3,101fdf
1757527807.1150408,0x19000410,3,051fdf
1757527807.1151295,0x19000410,3,071fdf
1757527807.1152556,0x19000410,3,051fdf
1757527807.1176474,0x19000410,3,101fdf
1757527807.1194956,0x19000410,3,101fdf
1757527807.123536,0x19000410,3,0f1fdf
1757527807.1432781,0x18820810,3,07020f
1757527807.14341,0x18820810,8,1020204275727374
1757527807.1435475,0x18820810,7,00206d6f646500
1757527807.1436403,0x18820810,3,070202
1757527807.1437302,0x18820810,3,101e00
1757527807.1438186,0x19000410,3,071fdf
1757527807.1466322,0x19000410,3,101fdf
1757527807.1486611,0x19000410,3,101fdf
1757527807.1487527,0x19000410,3,071fdf
1757527807.1491442,0x19000410,3,101fdf
1757527807.2259383,0x19000410,3,121fff
1757527807.352155,0x18820810,3,07020f
1757527807.3522875,0x18820810,8,1020204275727374
1757527807.3524203,0x18820810,7,00206d6f646500
1757527807.3525093,0x18820810,3,070202
1757527807.352598,0x18820810,3,101e00
1757527807.3527188,0x19000410,3,071fff
1757527807.3555186,0x19000410,3,101fff
1757527807.3575475,0x19000410,3,101fff
1757527807.357637,0x19000410,3,071fff
1757527807.358032,0x19000410,3,101fff
1757527807.5610304,0x18820810,3,07020f
1757527807.5611584,0x18820810,8,1020204275727374
1757527807.5612936,0x18820810,7,00206d6f646500
1757527807.561382,0x18820810,3,070202
1757527807.5614707,0x18820810,3,101e00
1757527807.5615973,0x19000410,3,071fff
1757527807.5638716,0x19000410,3,101fff
1757527807.5656998,0x19000410,3,101fff
1757527807.5657883,0x19000410,3,071fff
1757527807.5661488,0x19000410,3,101fff
1757527807.7330146,0x18820810,1,12
1757527807.7332783,0x19000410,3,121fff
1757527807.769901,0x18820810,3,07020f
1757527807.770032,0x18820810,8,1020204275727374
1757527807.7701685,0x18820810,7,00206d6f646500
1757527807.7702584,0x18820810,3,070202
1757527807.7703457,0x18820810,3,101e00
1757527807.7704687,0x19000410,3,071fff
1757527807.7727861,0x19000410,3,101fff
1757527807.77462,0x19000410,3,101fff
1757527807.774709,0x19000410,3,071fff
1757527807.7750678,0x19000410,3,101fff
1757527807.9018316,0x19000410,3,121fef
1757527807.905114,0x18820810,3,07020f
1757527807.905245,0x18820810,8,1020204275727374
1757527807.905379,0x18820810,7,00207472696700
1757527807.9054687,0x19000410,3,071fef
1757527807.907984,0x19000410,3,101fef
1757527807.9098206,0x19000410,3,101fef
1757527807.9787753,0x18820810,3,07020f
1757527807.9789064,0x18820810,8,1020204275727374
1757527807.979044,0x18820810,7,00207472696700
1757527807.979137,0x18820810,3,070202
1757527807.9792295,0x18820810,3,101e00
1757527807.9793215,0x19000410,3,071fef
1757527807.982028,0x19000410,3,101fef
1757527807.9840634,0x19000410,3,101fef
1757527807.9841526,0x19000410,3,071fef
1757527807.9845364,0x19000410,3,101fef
1757527808.0615518,0x19000410,3,121fff
1757527808.1876514,0x18820810,3,07020f
1757527808.1877809,0x18820810,8,1020204275727374
1757527808.1879184,0x18820810,7,00207472696700
1757527808.1880066,0x18820810,3,070202
1757527808.1880946,0x18820810,3,101e00
1757527808.188218,0x19000410,3,071fff
1757527808.1909132,0x19000410,3,101fff
1757527808.192947,0x19000410,3,101fff
1757527808.1930368,0x19000410,3,071fff
1757527808.1934197,0x19000410,3,101fff
1757527808.3965273,0x18820810,3,07020f
1757527808.396654,0x18820810,8,1020204275727374
1757527808.3967865,0x18820810,7,00207472696700
1757527808.3968778,0x18820810,3,070202
1757527808.3969665,0x18820810,3,101e00
1757527808.3970878,0x19000410,3,071fff
1757527808.3994715,0x19000410,3,101fff
1757527808.4013093,0x19000410,3,101fff
1757527808.4013977,0x19000410,3,071fff
1757527808.4017544,0x19000410,3,101fff
1757527808.5685055,0x18820810,1,12
1757527808.5686822,0x19000410,3,121fff
1757527808.605398,0x18820810,3,07020f
1757527808.6055298,0x18820810,8,1020204275727374
1757527808.605664,0x18820810,7,00207472696700
1757527808.6057544,0x18820810,3,070202
1757527808.6058416,0x18820810,3,101e00
1757527808.6059673,0x19000410,3,071fff
1757527808.6081874,0x19000410,3,101fff
1757527808.6100233,0x19000410,3,101fff
1757527808.6101131,0x19000410,3,071fff
1757527808.6104698,0x19000410,3,101fff
1757527808.8142807,0x18820810,3,07020f
1757527808.8144143,0x18820810,8,1020204275727374
1757527808.814539,0x18820810,7,00207472696700
1757527808.8146305,0x18820810,3,070202
1757527808.8147223,0x18820810,3,101e00
1757527808.8148131,0x19000410,3,071fff
1757527808.817546,0x19000410,3,101fff
1757527808.8195724,0x19000410,3,101fff
1757527808.8196616,0x19000410,3,071fff
1757527808.820057,0x19000410,3,101fff
1757527809.0231516,0x18820810,3,07020f
1757527809.0232792,0x18820810,8,1020204275727374
1757527809.0234094,0x18820810,7,00207472696700
1757527809.023497,0x18820810,3,070202
1757527809.0236166,0x18820810,3,101e00
1757527809.0237043,0x19000410,3,071fff
1757527809.026388,0x19000410,3,101fff
1757527809.028418,0x19000410,3,101fff
1757527809.0285046,0x19000410,3,071fff
1757527809.0288992,0x19000410,3,101fff
1757527809.0444436,0x19000410,3,121fbf
1757527809.0477734,0x18820810,3,07020f
1757527809.0479066,0x18820810,8,1020204275727374
1757527809.048039,0x18820810,7,00206d6f646500
1757527809.0481253,0x19000410,3,071fbf
1757527809.050988,0x19000410,3,101fbf
1757527809.0530226,0x19000410,3,101fbf
1757527809.2286727,0x19000410,3,121fff
1757527809.232047,0x18820810,3,07020f
1757527809.2321725,0x18820810,8,1020204275727374
1757527809.232305,0x18820810,7,00206d6f646500
1757527809.2323918,0x18820810,3,070202
1757527809.2325165,0x18820810,3,101e00
1757527809.232607,0x19000410,3,071fff
1757527809.234833,0x19000410,3,101fff
1757527809.2366607,0x19000410,3,101fff
1757527809.2367477,0x19000410,3,071fff
1757527809.2371104,0x19000410,3,101fff
1757527809.4408996,0x18820810,3,07020f
1757527809.4410274,0x18820810,8,1020204275727374
1757527809.4411583,0x18820810,7,00206d6f646500
1757527809.4412475,0x18820810,3,070202
1757527809.4413342,0x18820810,3,101e00
1757527809.441454,0x19000410,3,071fff
1757527809.4436867,0x19000410,3,101fff
1757527809.4455187,0x19000410,3,101fff
1757527809.4456058,0x19000410,3,071fff
1757527809.4459684,0x19000410,3,101fff
1757527809.6497781,0x18820810,3,07020f
1757527809.6499038,0x18820810,8,1020204275727374
1757527809.650035,0x18820810,7,00206d6f646500
1757527809.6501267,0x18820810,3,070202
1757527809.6502135,0x18820810,3,101e00
1757527809.6503358,0x19000410,3,071fff
1757527809.6530354,0x19000410,3,101fff
1757527809.6550622,0x19000410,3,101fff
1757527809.6551502,0x19000410,3,071fff
1757527809.6555386,0x19000410,3,101fff
1757527809.7357392,0x18820810,1,12
1757527809.7359154,0x19000410,3,121fff
1757527809.858648,0x18820810,3,07020f
1757527809.8587763,0x18820810,8,1020204275727374
1757527809.8589046,0x18820810,7,00206d6f646500
1757527809.8589916,0x18820810,3,070202
1757527809.8591127,0x18820810,3,101e00
1757527809.8591998,0x19000410,3,071fff
1757527809.8619447,0x19000410,3,101fff
1757527809.8639758,0x19000410,3,101fff
1757527809.8640637,0x19000410,3,071fff
1757527809.864458,0x19000410,3,101fff
1757527810.067522,0x18820810,3,07020f
1757527810.0676494,0x18820810,8,1020204275727374
1757527810.0677822,0x18820810,7,00206d6f646500
1757527810.0678706,0x18820810,3,070202
1757527810.0679586,0x18820810,3,101e00
1757527810.0680833,0x19000410,3,071fff
1757527810.0705047,0x19000410,3,101fff
1757527810.0723395,0x19000410,3,101fff
1757527810.0724268,0x19000410,3,071fff
1757527810.0727868,0x19000410,3,101fff
1757527810.2435963,0x18820810,1,12
1757527810.243874,0x19000410,3,121fff
1757527810.2763896,0x18820810,3,07020f
1757527810.2765207,0x18820810,8,1020204275727374
1757527810.2766533,0x18820810,7,00206d6f646500
1757527810.2767406,0x18820810,3,070202
1757527810.276861,0x18820810,3,101e00
1757527810.2769513,0x19000410,3,071fff
1757527810.279204,0x19000410,3,101fff
1757527810.2810354,0x19000410,3,101fff
1757527810.2811224,0x19000410,3,071fff
1757527810.2814865,0x19000410,3,101fff
1757527810.2976592,0x19000410,3,121fdf
1757527810.4204063,0x19000410,3,121fff
1757527810.4852664,0x18820810,3,07020f
1757527810.4853942,0x18820810,8,1020204275727374
1757527810.48553,0x18820810,7,00206d6f646500
1757527810.485617,0x18820810,3,070202
1757527810.4857068,0x18820810,3,101e00
1757527810.4858298,0x19000410,3,071fff
1757527810.488633,0x19000410,3,101fff
1757527810.4906597,0x19000410,3,101fff
1757527810.4907472,0x19000410,3,071fff
1757527810.4911373,0x19000410,3,101fff
1757527810.6941435,0x18820810,3,07020f
1757527810.6942692,0x18820810,8,1020204275727374
1757527810.6944015,0x18820810,7,00206d6f646500
1757527810.6944885,0x18820810,3,070202
1757527810.6946123,0x18820810,3,101e00
1757527810.6946993,0x19000410,3,071fff
1757527810.6974916,0x19000410,3,101fff
1757527810.699518,0x19000410,3,101fff
1757527810.6996047,0x19000410,3,071fff
1757527810.7000024,0x19000410,3,101fff
1757527810.8259356,0x19000410,3,121fef
1757527810.8293505,0x18820810,3,07020f
1757527810.8294835,0x18820810,8,1020204275727374
1757527810.8296168,0x18820810,7,00207472696700
1757527810.8297064,0x19000410,3,071fef
1757527810.8326921,0x19000410,3,101fef
1757527810.8347323,0x19000410,3,101fef
1757527810.9030135,0x18820810,3,07020f
1757527810.903143,0x18820810,8,1020204275727374
1757527810.9032767,0x18820810,7,00207472696700
1757527810.9033651,0x18820810,3,070202
1757527810.9034522,0x18820810,3,101e00
1757527810.9035747,0x19000410,3,071fef
1757527810.9058971,0x19000410,3,101fef
1757527810.9077346,0x19000410,3,101fef
1757527810.9078238,0x19000410,3,071fef
1757527810.90818,0x19000410,3,101fef
1757527810.9611483,0x19000410,3,121fff
1757527811.1118903,0x18820810,3,07020f
1757527811.112017,0x18820810,8,1020204275727374
1757527811.112149,0x18820810,7,00207472696700
1757527811.1122372,0x18820810,3,070202
1757527811.1123607,0x18820810,3,101e00
1757527811.1124475,0x19000410,3,071fff
1757527811.1147864,0x19000410,3,101fff
1757527811.1166213,0x19000410,3,101fff
1757527811.1167097,0x19000410,3,071fff
1757527811.1170669,0x19000410,3,101fff
1757527811.320764,0x18820810,3,07020f
1757527811.320889,0x18820810,8,1020204275727374
1757527811.3210218,0x18820810,7,00207472696700
1757527811.3211095,0x18820810,3,070202
1757527811.3212287,0x18820810,3,101e00
1757527811.3213158,0x19000410,3,071fff
1757527811.3241313,0x19000410,3,101fff
1757527811.3261607,0x19000410,3,101fff
1757527811.3262482,0x19000410,3,071fff
1757527811.3266397,0x19000410,3,101fff
1757527811.468174,0x18820810,1,12
1757527811.4684808,0x19000410,3,121fff
1757527811.5296347,0x18820810,3,07020f
1757527811.5297642,0x18820810,8,1020204275727374
1757527811.529897,0x18820810,7,00207472696700
1757527811.5299864,0x18820810,3,070202
1757527811.530109,0x18820810,3,101e00
1757527811.5301967,0x19000410,3,071fff
1757527811.5328417,0x19000410,3,101fff
1757527811.5348701,0x19000410,3,101fff
1757527811.5349581,0x19000410,3,071fff
1757527811.535346,0x19000410,3,101fff
1757527811.7385218,0x18820810,3,07020f
1757527811.738653,0x18820810,8,1020204275727374
1757527811.7387757,0x18820810,7,00207472696700
1757527811.7388654,0x18820810,3,070202
1757527811.7389534,0x18820810,3,101e00
1757527811.739075,0x19000410,3,071fff
1757527811.741402,0x19000410,3,101fff
1757527811.7432382,0x19000410,3,101fff
1757527811.7433267,0x19000410,3,071fff
1757527811.7436843,0x19000410,3,101fff
1757527811.845785,0x19000410,3,121fef
1757527811.8491452,0x18820810,3,07020f
1757527811.8492799,0x18820810,8,1020204275727374
1757527811.8494108,0x18820810,7,00207472696700
1757527811.8495004,0x19000410,3,071fef
1757527811.8519323,0x19000410,3,101fef
1757527811.853769,0x19000410,3,101fef
1757527811.9473817,0x18820810,3,07020f
1757527811.9475121,0x18820810,8,1020204275727374
1757527811.9476535,0x18820810,7,00207472696700
1757527811.9477413,0x18820810,3,070202
1757527811.9478273,0x18820810,3,101e00
1757527811.947948,0x19000410,3,071fef
1757527811.9503562,0x19000410,3,101fef
1757527811.9521935,0x19000410,3,101fef
1757527811.952281,0x19000410,3,071fef
1757527811.9526386,0x19000410,3,101fef
1757527812.017735,0x19000410,3,121fff
1757527812.1562593,0x18820810,3,07020f
1757527812.1563883,0x18820810,8,1020204275727374
1757527812.1565182,0x18820810,7,00207472696700
1757527812.1566098,0x18820810,3,070202
1757527812.1566956,0x18820810,3,101e00
1757527812.1568198,0x19000410,3,071fff
1757527812.1595397,0x19000410,3,101fff
1757527812.1615708,0x19000410,3,101fff
1757527812.1616576,0x19000410,3,071fff
1757527812.1620536,0x19000410,3,101fff
1757527812.3651323,0x18820810,3,07020f
1757527812.3652625,0x18820810,8,1020204275727374
1757527812.3653946,0x18820810,7,00207472696700
1757527812.365483,0x18820810,3,070202
1757527812.3655715,0x18820810,3,101e00
1757527812.3656929,0x19000410,3,071fff
1757527812.3683956,0x19000410,3,101fff
1757527812.370425,0x19000410,3,101fff
1757527812.370512,0x19000410,3,071fff
1757527812.37091,0x19000410,3,101fff
1757527812.496841,0x19000410,3,121fbf
1757527812.500337,0x18820810,3,07020f
1757527812.5004697,0x18820810,8,1020204275727374
1757527812.5006077,0x18820810,7,00206d6f646500
1757527812.500693,0x19000410,3,071fbf
1757527812.5035942,0x19000410,3,101fbf
1757527812.505623,0x19000410,3,101fbf
1757527812.5740047,0x18820810,3,07020f
1757527812.5741353,0x18820810,8,1020204275727374
1757527812.5742695,0x18820810,7,00206d6f646500
1757527812.574358,0x18820810,3,070202
1757527812.5744789,0x18820810,3,101e00
1757527812.5745661,0x19000410,3,071fbf
1757527812.576807,0x19000410,3,101fbf
1757527812.578642,0x19000410,3,101fbf
1757527812.5787294,0x19000410,3,071fbf
1757527812.5790873,0x19000410,3,101fbf
1757527812.6320536,0x19000410,3,121fff
1757527812.7548974,0x19000410,3,121fbf
1757527812.7583592,0x18820810,3,07020f
1757527812.7584918,0x18820810,8,102020436f6e7469
1757527812.7586234,0x18820810,7,006e756f757300
1757527812.758714,0x19000410,3,071fbf
1757527812.7612572,0x19000410,3,101fbf
1757527812.763094,0x19000410,3,101fbf
1757527812.78288,0x18820810,3,07020f
1757527812.783009,0x18820810,8,102020436f6e7469
1757527812.7831404,0x18820810,7,006e756f757300
1757527812.7832305,0x18820810,3,070202
1757527812.783317,0x18820810,3,101e00
1757527812.7834375,0x19000410,3,071fbf
1757527812.7857904,0x19000410,3,101fbf
1757527812.7876265,0x19000410,3,101fbf
1757527812.7877138,0x19000410,3,071fbf
1757527812.7880669,0x19000410,3,101fbf
1757527812.9022963,0x19000410,3,121fff
1757527812.991754,0x18820810,3,07020f
1757527812.991882,0x18820810,8,102020436f6e7469
1757527812.992012,0x18820810,7,006e756f757300
1757527812.9920993,0x18820810,3,070202
1757527812.9922216,0x18820810,3,101e00
1757527812.9923112,0x19000410,3,071fff
1757527812.9949725,0x19000410,3,101fff
1757527812.9969988,0x19000410,3,101fff
1757527812.9970858,0x19000410,3,071fff
1757527812.997476,0x19000410,3,101fff
1757527813.200628,0x18820810,3,07020f
1757527813.2007558,0x18820810,8,102020436f6e7469
1757527813.2008889,0x18820810,7,006e756f757300
1757527813.200976,0x18820810,3,070202
1757527813.2010949,0x18820810,3,101e00
1757527813.2011847,0x19000410,3,071fff
1757527813.203811,0x19000410,3,101fff
1757527813.2058408,0x19000410,3,101fff
1757527813.2059288,0x19000410,3,071fff
1757527813.2063189,0x19000410,3,101fff
1757527813.4094703,0x18820810,1,12
1757527813.4095614,0x18820810,3,07020f
1757527813.4096973,0x18820810,8,102020436f6e7469
1757527813.4098253,0x18820810,7,006e756f757300
1757527813.409913,0x18820810,3,070202
1757527813.4100356,0x18820810,3,101e00
1757527813.410122,0x19000410,3,121fff
1757527813.4102092,0x19000410,3,071fff
1757527813.4124403,0x19000410,3,101fff
1757527813.4142718,0x19000410,3,101fff
1757527813.414359,0x19000410,3,071fff
1757527813.4147213,0x19000410,3,101fff
1757527813.618378,0x18820810,3,07020f
1757527813.6185055,0x18820810,8,102020436f6e7469
1757527813.6186376,0x18820810,7,006e756f757300
1757527813.6187263,0x18820810,3,070202
1757527813.6188135,0x18820810,3,101e00
1757527813.6189451,0x19000410,3,071fff
1757527813.6212947,0x19000410,3,101fff
1757527813.623127,0x19000410,3,101fff
1757527813.6232147,0x19000410,3,071fff
1757527813.623573,0x19000410,3,101fff
1757527813.8272543,0x18820810,3,07020f
1757527813.8273826,0x18820810,8,102020436f6e7469
1757527813.8275108,0x18820810,7,006e756f757300
1757527813.8275986,0x18820810,3,070202
1757527813.827721,0x18820810,3,101e00
1757527813.8278086,0x19000410,3,071fff
1757527813.8304386,0x19000410,3,101fff
1757527813.8324685,0x19000410,3,101fff
1757527813.8325562,0x19000410,3,071fff
1757527813.8329458,0x19000410,3,101fff
1757527813.8729546,0x19000410,3,121fdf
1757527813.983457,0x19000410,3,121fff
1757527814.0361202,0x18820810,3,07020f
1757527814.0362513,0x18820810,8,102020436f6e7469
1757527814.036382,0x18820810,7,006e756f757300
1757527814.0364685,0x18820810,3,070202
1757527814.0365863,0x18820810,3,101e00
1757527814.0366735,0x19000410,3,071fff
1757527814.0393667,0x19000410,3,101fff
1757527814.0413928,0x19000410,3,101fff
1757527814.0414817,0x19000410,3,071fff
1757527814.0418656,0x19000410,3,101fff
1757527814.2450013,0x18820810,3,07020f
1757527814.245127,0x18820810,8,102020436f6e7469
1757527814.2452605,0x18820810,7,006e756f757300
1757527814.2453473,0x18820810,3,070202
1757527814.245475,0x18820810,3,101e00
1757527814.2455657,0x19000410,3,071fff
1757527814.247905,0x19000410,3,101fff
1757527814.2497404,0x19000410,3,101fff
1757527814.2498274,0x19000410,3,071fff
1757527814.2501874,0x19000410,3,101fff
1757527814.4538739,0x18820810,3,07020f
1757527814.454001,0x18820810,8,102020436f6e7469
1757527814.4541337,0x18820810,7,006e756f757300
1757527814.4542196,0x18820810,3,070202
1757527814.4543412,0x18820810,3,101e00
1757527814.454429,0x19000410,3,071fff
1757527814.4567451,0x19000410,3,101fff
1757527814.4585824,0x19000410,3,101fff
1757527814.4586701,0x19000410,3,071fff
1757527814.4590254,0x19000410,3,101fff
1757527814.4906943,0x18820810,1,12
1757527814.490891,0x19000410,3,121fff
1757527814.66275,0x18820810,3,07020f
1757527814.662878,0x18820810,8,102020436f6e7469
1757527814.6630065,0x18820810,7,006e756f757300
1757527814.6630943,0x18820810,3,070202
1757527814.6632154,0x18820810,3,101e00
1757527814.663304,0x19000410,3,071fff
1757527814.6659567,0x19000410,3,101fff
1757527814.6679842,0x19000410,3,101fff
1757527814.668071,0x19000410,3,071fff
1757527814.6684616,0x19000410,3,101fff
1757527814.8716242,0x18820810,3,07020f
1757527814.8717494,0x18820810,8,102020436f6e7469
1757527814.8718808,0x18820810,7,006e756f757300
1757527814.8719683,0x18820810,3,070202
1757527814.872057,0x18820810,3,101e00
1757527814.872178,0x19000410,3,071fff
1757527814.8748043,0x19000410,3,101fff
1757527814.8768334,0x19000410,3,101fff
1757527814.876923,0x19000410,3,071fff
1757527814.8773096,0x19000410,3,101fff
1757527814.8773983,0x19000410,3,121ffb
1757527814.879856,0x18820810,6,0f0000000000
1757527814.8799438,0x18820810,1,03
1757527814.8800654,0x18820810,6,0a000a790a01
1757527814.8801517,0x18820810,3,070b02
1757527814.8802743,0x18820810,6,104d454e5500
1757527814.8803947,0x18820810,5,02010c6f14
1757527814.8804808,0x18820810,1,03
1757527814.8805668,0x18820810,5,02010c6714
1757527814.8806913,0x18820810,3,070101
1757527814.880828,0x18820810,8,104275727374204d
1757527814.8809173,0x18820810,5,006f646500
1757527814.8810387,0x18820810,3,07010b
1757527814.881173,0x18820810,8,104275727374204c
1757527814.8813071,0x18820810,7,00656e67746800
1757527814.8814301,0x18820810,5,0200007a20
1757527814.8815525,0x18820810,6,0f010c700a01
1757527814.8816767,0x18820810,6,0b720c081401
1757527814.8818018,0x18820810,6,0c740f040101
1757527814.884236,0x19000410,3,0f1ffb
1757527814.898406,0x19000410,3,031ffb
1757527814.9015384,0x19000410,3,0a1ffb
1757527814.9016323,0x19000410,3,071ffb
1757527814.9030235,0x19000410,3,101ffb
1757527814.9031203,0x19000410,3,021ffb
1757527814.9218717,0x19000410,3,031ffb
1757527814.9219615,0x19000410,3,021ffb
1757527814.922048,0x19000410,3,071ffb
1757527814.9244797,0x19000410,3,101ffb
1757527814.9256039,0x19000410,3,101ffb
1757527814.925695,0x19000410,3,071ffb
1757527814.928202,0x19000410,3,101ffb
1757527814.9300447,0x19000410,3,101ffb
1757527814.930137,0x19000410,3,021ffb
1757527814.9419923,0x19000410,3,0f1ffb
1757527814.9435682,0x19000410,3,0b1ffb
1757527814.9438586,0x19000410,3,0c1ffb
1757527815.0360656,0x19000410,3,121fff
1757527815.0804918,0x18820810,3,070202
1757527815.0805862,0x18820810,3,101e00
1757527815.080676,0x19000410,3,071fff
1757527815.0813277,0x19000410,3,101fff
1757527815.2893689,0x18820810,3,070202
1757527815.2894654,0x18820810,3,101e00
1757527815.2896965,0x19000410,3,071fff
1757527815.2901564,0x19000410,3,101fff
1757527815.4982417,0x18820810,3,070202
1757527815.4983375,0x18820810,3,101e00
1757527815.4984264,0x19000410,3,071fff
1757527815.4991033,0x19000410,3,101fff
1757527815.5432591,0x18820810,1,12
1757527815.543494,0x19000410,3,121fff
1757527815.707119,0x18820810,3,070202
1757527815.7072158,0x18820810,3,101e00
1757527815.707338,0x19000410,3,071fff
1757527815.7077975,0x19000410,3,101fff
1757527815.9159977,0x18820810,3,070202
1757527815.9160972,0x18820810,3,101e00
1757527815.9162817,0x19000410,3,071fff
1757527815.9167442,0x19000410,3,101fff
1757527816.051116,0x18820810,1,12
1757527816.0513246,0x19000410,3,121fff
1757527816.1248622,0x18820810,3,070202
1757527816.124957,0x18820810,3,101e00
1757527816.125174,0x19000410,3,071fff
1757527816.1256392,0x19000410,3,101fff
1757527816.3056743,0x19000410,3,121fdf
1757527816.3092172,0x18820810,6,0f010c700a00
1757527816.3093123,0x18820810,1,03
1757527816.309401,0x18820810,6,0a000a790a01
1757527816.3094902,0x18820810,3,070b02
1757527816.3096592,0x18820810,8,104275727374204d
1757527816.30975,0x18820810,5,006f646500
1757527816.3098385,0x18820810,2,0503
1757527816.3099275,0x18820810,2,0500
1757527816.3100488,0x18820810,3,07020f
1757527816.310181,0x18820810,8,102020436f6e7469
1757527816.3103118,0x18820810,7,006e756f757300
1757527816.3104358,0x18820810,6,0f070e250904
1757527816.321371,0x19000410,3,0f1fdf
1757527816.3337371,0x18820810,3,07020f
1757527816.333868,0x18820810,8,102020436f6e7469
1757527816.3339992,0x18820810,7,006e756f757300
1757527816.3340902,0x18820810,3,070202
1757527816.3341794,0x18820810,3,101e00
1757527816.3355672,0x19000410,3,031fdf
1757527816.3386981,0x19000410,3,0a1fdf
1757527816.3387926,0x19000410,3,071fdf
1757527816.341216,0x19000410,3,101fdf
1757527816.3423145,0x19000410,3,101fdf
1757527816.3424084,0x19000410,3,051fdf
1757527816.3424978,0x19000410,3,051fdf
1757527816.3425882,0x19000410,3,071fdf
1757527816.3450148,0x19000410,3,101fdf
1757527816.3468606,0x19000410,3,101fdf
1757527816.3509028,0x19000410,3,0f1fdf
1757527816.3509996,0x19000410,3,071fdf
1757527816.3538916,0x19000410,3,101fdf
1757527816.35592,0x19000410,3,101fdf
1757527816.3560095,0x19000410,3,071fdf
1757527816.3563983,0x19000410,3,101fdf
1757527816.453158,0x19000410,3,121fff
1757527816.5426145,0x18820810,3,07020f
1757527816.5427425,0x18820810,8,102020436f6e7469
1757527816.542878,0x18820810,7,006e756f757300
1757527816.542969,0x18820810,3,070202
1757527816.5430565,0x18820810,3,101e00
1757527816.543181,0x19000410,3,071fff
1757527816.5458486,0x19000410,3,101fff
1757527816.54788,0x19000410,3,101fff
1757527816.5479665,0x19000410,3,071fff
1757527816.5483606,0x19000410,3,101fff
1757527816.751499,0x18820810,3,07020f
1757527816.7516255,0x18820810,8,102020436f6e7469
1757527816.7517474,0x18820810,7,006e756f757300
1757527816.7518346,0x18820810,3,070202
1757527816.7519543,0x18820810,3,101e00
1757527816.7520432,0x19000410,3,071fff
1757527816.754829,0x19000410,3,101fff
1757527816.7568574,0x19000410,3,101fff
1757527816.756946,0x19000410,3,071fff
1757527816.757336,0x19000410,3,101fff
1757527816.9322574,0x19000410,3,121fef
1757527816.9358444,0x18820810,3,07020f
1757527816.9359748,0x18820810,8,1020204275727374
1757527816.936111,0x18820810,7,00206d6f646500
1757527816.9362013,0x19000410,3,071fef
1757527816.9386292,0x19000410,3,101fef
1757527816.9404643,0x19000410,3,101fef
1757527816.9603589,0x18820810,3,07020f
1757527816.96049,0x18820810,8,1020204275727374
1757527816.9606245,0x18820810,7,00206d6f646500
1757527816.960718,0x18820810,3,070202
1757527816.9608147,0x18820810,3,101e00
1757527816.9609063,0x19000410,3,071fef
1757527816.9631622,0x19000410,3,101fef
1757527816.964993,0x19000410,3,101fef
1757527816.9650805,0x19000410,3,071fef
1757527816.9654348,0x19000410,3,101fef
1757527817.0552073,0x19000410,3,121fff
1757527817.1692357,0x18820810,3,07020f
1757527817.1693635,0x18820810,8,1020204275727374
1757527817.1694963,0x18820810,7,00206d6f646500
1757527817.169583,0x18820810,3,070202
1757527817.1697035,0x18820810,3,101e00
1757527817.1697958,0x19000410,3,071fff
1757527817.172161,0x19000410,3,101fff
1757527817.1740015,0x19000410,3,101fff
1757527817.174093,0x19000410,3,071fff
1757527817.1744478,0x19000410,3,101fff
1757527817.3781116,0x18820810,3,07020f
1757527817.37824,0x18820810,8,1020204275727374
1757527817.3783722,0x18820810,7,00206d6f646500
1757527817.3784654,0x18820810,3,070202
1757527817.378556,0x18820810,3,101e00
1757527817.3786802,0x19000410,3,071fff
1757527817.3813934,0x19000410,3,101fff
1757527817.3834283,0x19000410,3,101fff
1757527817.383523,0x19000410,3,071fff
1757527817.3839078,0x19000410,3,101fff
1757527817.5623784,0x18820810,1,12
1757527817.5625198,0x19000410,3,121fff
1757527817.5869815,0x18820810,3,07020f
1757527817.587112,0x18820810,8,1020204275727374
1757527817.5872488,0x18820810,7,00206d6f646500
1757527817.5873396,0x18820810,3,070202
1757527817.5874293,0x18820810,3,101e00
1757527817.5875528,0x19000410,3,071fff
1757527817.5902157,0x19000410,3,101fff
1757527817.592246,0x19000410,3,101fff
1757527817.5923388,0x19000410,3,071fff
1757527817.5927224,0x19000410,3,101fff
1757527817.795861,0x18820810,3,07020f
1757527817.7959907,0x18820810,8,1020204275727374
1757527817.7961202,0x18820810,7,00206d6f646500
1757527817.7962134,0x18820810,3,070202
1757527817.7963061,0x18820810,3,101e00
1757527817.796427,0x19000410,3,071fff
1757527817.7986603,0x19000410,3,101fff
1757527817.8004942,0x19000410,3,101fff
1757527817.8005838,0x19000410,3,071fff
1757527817.80094,0x19000410,3,101fff
1757527817.8169098,0x19000410,3,121fdf
1757527817.9151955,0x19000410,3,121fff
1757527818.0047352,0x18820810,3,07020f
1757527818.004865,0x18820810,8,1020204275727374
1757527818.0049968,0x18820810,7,00206d6f646500
1757527818.005086,0x18820810,3,070202
1757527818.0051744,0x18820810,3,101e00
1757527818.0053048,0x19000410,3,071fff
1757527818.0077016,0x19000410,3,101fff
1757527818.0095387,0x19000410,3,101fff
1757527818.0096283,0x19000410,3,071fff
1757527818.0099812,0x19000410,3,101fff
1757527818.2136078,0x18820810,3,07020f
1757527818.213736,0x18820810,8,1020204275727374
1757527818.213871,0x18820810,7,00206d6f646500
1757527818.2139595,0x18820810,3,070202
1757527818.2140486,0x18820810,3,101e00
1757527818.214177,0x19000410,3,071fff
1757527818.2169416,0x19000410,3,101fff
1757527818.218969,0x19000410,3,101fff
1757527818.2190564,0x19000410,3,071fff
1757527818.2194486,0x19000410,3,101fff
1757527818.4224484,0x18820810,1,12
1757527818.42254,0x18820810,3,07020f
1757527818.422676,0x18820810,8,1020204275727374
1757527818.4228084,0x18820810,7,00206d6f646500
1757527818.4228978,0x18820810,3,070202
1757527818.4229858,0x18820810,3,101e00
1757527818.4231064,0x19000410,3,121fff
1757527818.4231944,0x19000410,3,071fff
1757527818.4257734,0x19000410,3,101fff
1757527818.427803,0x19000410,3,101fff
1757527818.4278903,0x19000410,3,071fff
1757527818.428281,0x19000410,3,101fff
1757527818.4762287,0x19000410,3,121ffb
1757527818.4798615,0x18820810,6,0f0000000000
1757527818.4799488,0x18820810,1,03
1757527818.4800687,0x18820810,6,0a000a790a01
1757527818.4801557,0x18820810,3,070b02
1757527818.480278,0x18820810,6,104d454e5500
1757527818.480401,0x18820810,5,02010c6f14
1757527818.4804873,0x18820810,1,03
1757527818.4805734,0x18820810,5,02010c6714
1757527818.480693,0x18820810,3,070101
1757527818.480826,0x18820810,8,104275727374204d
1757527818.4809446,0x18820810,5,006f646500
1757527818.4810321,0x18820810,3,07010b
1757527818.4811757,0x18820810,8,104275727374204c
1757527818.4813075,0x18820810,7,00656e67746800
1757527818.4814289,0x18820810,5,0200007a20
1757527818.4815485,0x18820810,6,0f010c700a01
1757527818.4816704,0x18820810,6,0b720c081401
1757527818.4817982,0x18820810,6,0c740f040101
1757527818.4818895,0x19000410,3,0f1ffb
1757527818.4943254,0x19000410,3,031ffb
1757527818.4974551,0x19000410,3,0a1ffb
1757527818.4975421,0x19000410,3,071ffb
1757527818.4989388,0x19000410,3,101ffb
1757527818.4990256,0x19000410,3,021ffb
1757527818.5177848,0x19000410,3,031ffb
1757527818.5178711,0x19000410,3,021ffb
1757527818.517956,0x19000410,3,071ffb
1757527818.5204,0x19000410,3,101ffb
1757527818.5215209,0x19000410,3,101ffb
1757527818.521606,0x19000410,3,071ffb
1757527818.5241158,0x19000410,3,101ffb
1757527818.5259602,0x19000410,3,101ffb
1757527818.5260456,0x19000410,3,021ffb
1757527818.5379097,0x19000410,3,0f1ffb
1757527818.5394824,0x19000410,3,0b1ffb
1757527818.5397813,0x19000410,3,0c1ffb
1757527818.5991907,0x19000410,3,121fff
1757527818.6313462,0x18820810,3,070202
1757527818.631435,0x18820810,3,101e00
1757527818.6316547,0x19000410,3,071fff
1757527818.6321213,0x19000410,3,101fff
1757527818.8402247,0x18820810,3,070202
1757527818.8403275,0x18820810,3,101e00
1757527818.8404336,0x19000410,3,071fff
1757527818.8410678,0x19000410,3,101fff
1757527819.0491097,0x18820810,3,070202
1757527819.0492015,0x18820810,3,101e00
1757527819.0494308,0x19000410,3,071fff
1757527819.049898,0x19000410,3,101fff
1757527819.106404,0x18820810,1,12
1757527819.1066272,0x19000410,3,121fff
1757527819.2053401,0x19000410,3,121fdf
1757527819.208874,0x18820810,6,0f010c700a00
1757527819.2089615,0x18820810,1,03
1757527819.209083,0x18820810,6,0a000a790a01
1757527819.20917,0x18820810,3,070b02
1757527819.2093132,0x18820810,8,104275727374204d
1757527819.2094345,0x18820810,5,006f646500
1757527819.2095218,0x18820810,2,0503
1757527819.209608,0x18820810,2,0500
1757527819.2096953,0x18820810,3,07020f
1757527819.2098448,0x18820810,8,1020204275727374
1757527819.2099755,0x18820810,7,00206d6f646500
1757527819.210099,0x18820810,6,0f070e250904
1757527819.2210364,0x19000410,3,0f1fdf
1757527819.2352054,0x19000410,3,031fdf
1757527819.2383444,0x19000410,3,0a1fdf
1757527819.2384398,0x19000410,3,071fdf
1757527819.2408624,0x19000410,3,101fdf
1757527819.241952,0x19000410,3,101fdf
1757527819.2420564,0x19000410,3,051fdf
1757527819.2421536,0x19000410,3,051fdf
1757527819.2422516,0x19000410,3,071fdf
1757527819.2446623,0x19000410,3,101fdf
1757527819.2465005,0x19000410,3,101fdf
1757527819.2505472,0x19000410,3,0f1fdf
1757527819.2579763,0x18820810,3,07020f
1757527819.2581043,0x18820810,8,1020204275727374
1757527819.25824,0x18820810,7,00206d6f646500
1757527819.2583308,0x18820810,3,070202
1757527819.2584205,0x18820810,3,101e00
1757527819.2585428,0x19000410,3,071fdf
1757527819.261307,0x19000410,3,101fdf
1757527819.2633386,0x19000410,3,101fdf
1757527819.263433,0x19000410,3,071fdf
1757527819.2638144,0x19000410,3,101fdf
1757527819.3280797,0x19000410,3,121fff
1757527819.4668558,0x18820810,3,07020f
1757527819.466984,0x18820810,8,1020204275727374
1757527819.4671154,0x18820810,7,00206d6f646500
1757527819.467204,0x18820810,3,070202
1757527819.4672935,0x18820810,3,101e00
1757527819.4674175,0x19000410,3,071fff
1757527819.4702106,0x19000410,3,101fff
1757527819.4722452,0x19000410,3,101fff
1757527819.4723392,0x19000410,3,071fff
1757527819.4727206,0x19000410,3,101fff
1757527819.6757305,0x18820810,3,07020f
1757527819.6758604,0x18820810,8,1020204275727374
1757527819.6759884,0x18820810,7,00206d6f646500
1757527819.6760786,0x18820810,3,070202
1757527819.676169,0x18820810,3,101e00
1757527819.6762908,0x19000410,3,071fff
1757527819.678967,0x19000410,3,101fff
1757527819.680997,0x19000410,3,101fff
1757527819.681091,0x19000410,3,071fff
1757527819.6814797,0x19000410,3,101fff
1757527819.83542,0x18820810,1,12
1757527819.8357382,0x19000410,3,121fff
1757527819.8846009,0x18820810,3,07020f
1757527819.8847258,0x18820810,8,1020204275727374
1757527819.8848584,0x18820810,7,00206d6f646500
1757527819.884949,0x18820810,3,070202
1757527819.8850675,0x18820810,3,101e00
1757527819.8851538,0x19000410,3,071fff
1757527819.887884,0x19000410,3,101fff
1757527819.8899143,0x19000410,3,101fff
1757527819.8900013,0x19000410,3,071fff
1757527819.8903968,0x19000410,3,101fff
1757527820.0815382,0x19000410,3,121fbf
1757527820.0853333,0x18820810,3,07020f
1757527820.0854673,0x18820810,8,102020436f6e7469
1757527820.0855963,0x18820810,7,006e756f757300
1757527820.0856864,0x19000410,3,071fbf
1757527820.0881133,0x19000410,3,101fbf
1757527820.089949,0x19000410,3,101fbf
1757527820.0934796,0x18820810,3,07020f
1757527820.0936155,0x18820810,8,102020436f6e7469
1757527820.0937457,0x18820810,7,006e756f757300
1757527820.0938382,0x18820810,3,070202
1757527820.0939324,0x18820810,3,101e00
1757527820.0940256,0x19000410,3,071fbf
1757527820.0963428,0x19000410,3,101fbf
1757527820.0981781,0x19000410,3,101fbf
1757527820.0982757,0x19000410,3,071fbf
1757527820.0986257,0x19000410,3,101fbf
1757527820.225058,0x19000410,3,121fff
1757527820.302346,0x18820810,3,07020f
1757527820.3024755,0x18820810,8,102020436f6e7469
1757527820.3026073,0x18820810,7,006e756f757300
1757527820.3026977,0x18820810,3,070202
1757527820.3027854,0x18820810,3,101e00
1757527820.302922,0x19000410,3,071fff
1757527820.3052328,0x19000410,3,101fff
1757527820.3070686,0x19000410,3,101fff
1757527820.3071625,0x19000410,3,071fff
1757527820.307516,0x19000410,3,101fff
1757527820.5112224,0x18820810,3,07020f
1757527820.5113509,0x18820810,8,102020436f6e7469
1757527820.5114813,0x18820810,7,006e756f757300
1757527820.5115695,0x18820810,3,070202
1757527820.5116587,0x18820810,3,101e00
1757527820.5117824,0x19000410,3,071fff
1757527820.5145867,0x19000410,3,101fff
1757527820.516617,0x19000410,3,101fff
1757527820.5167065,0x19000410,3,071fff
1757527820.517095,0x19000410,3,101fff
1757527820.720102,0x18820810,3,07020f
1757527820.7202325,0x18820810,8,102020436f6e7469
1757527820.7203555,0x18820810,7,006e756f757300
1757527820.720449,0x18820810,3,070202
1757527820.7205384,0x18820810,3,101e00
1757527820.7206647,0x19000410,3,071fff
1757527820.7234373,0x19000410,3,101fff
1757527820.7254648,0x19000410,3,101fff
1757527820.7255573,0x19000410,3,071fff
1757527820.7259574,0x19000410,3,101fff
1757527820.7323513,0x18820810,1,12
1757527820.7325306,0x19000410,3,121fff
1757527820.74114,0x19000410,3,121fdf
1757527820.8515651,0x19000410,3,121fff
1757527820.9289713,0x18820810,3,07020f
1757527820.9291005,0x18820810,8,102020436f6e7469
1757527820.92923,0x18820810,7,006e756f757300
1757527820.9293184,0x18820810,3,070202
1757527820.929408,0x18820810,3,101e00
1757527820.92953,0x19000410,3,071fff
1757527820.9319441,0x19000410,3,101fff
1757527820.933779,0x19000410,3,101fff
1757527820.933868,0x19000410,3,071fff
1757527820.9342191,0x19000410,3,101fff
1757527821.1378455,0x18820810,3,07020f
1757527821.1379733,0x18820810,8,102020436f6e7469
1757527821.1381004,0x18820810,7,006e756f757300
1757527821.138189,0x18820810,3,070202
1757527821.1383097,0x18820810,3,101e00
1757527821.1383958,0x19000410,3,071fff
1757527821.1407866,0x19000410,3,101fff
1757527821.1426208,0x19000410,3,101fff
1757527821.1427073,0x19000410,3,071fff
1757527821.143066,0x19000410,3,101fff
1757527821.3467176,0x18820810,3,07020f
1757527821.3468442,0x18820810,8,102020436f6e7469
1757527821.3469741,0x18820810,7,006e756f757300
1757527821.3470647,0x18820810,3,070202
1757527821.347182,0x18820810,3,101e00
1757527821.347268,0x19000410,3,071fff
1757527821.349918,0x19000410,3,101fff
1757527821.3519473,0x19000410,3,101fff
1757527821.3520346,0x19000410,3,071fff
1757527821.3524244,0x19000410,3,101fff
1757527821.3589635,0x18820810,1,12
1757527821.3592093,0x19000410,3,121fff
1757527821.4617965,0x19000410,3,121ffb
1757527821.4655337,0x18820810,6,0f0000000000
1757527821.4656224,0x18820810,1,03
1757527821.4657469,0x18820810,6,0a000a790a01
1757527821.4658349,0x18820810,3,070b02
1757527821.4659579,0x18820810,6,104d454e5500
1757527821.4660466,0x18820810,5,02010c6f14
1757527821.4661338,0x18820810,1,03
1757527821.4662619,0x18820810,5,02010c6714
1757527821.4663491,0x18820810,3,070101
1757527821.4664984,0x18820810,8,104275727374204d
1757527821.4666207,0x18820810,5,006f646500
1757527821.4667087,0x18820810,3,07010b
1757527821.4668534,0x18820810,8,104275727374204c
1757527821.4669776,0x18820810,7,00656e67746800
1757527821.4670982,0x18820810,5,0200007a20
1757527821.467219,0x18820810,6,0f010c700a01
1757527821.467342,0x18820810,6,0b720c081401
1757527821.4674664,0x18820810,6,0c740f040101
1757527821.469884,0x19000410,3,0f1ffb
1757527821.4840562,0x19000410,3,031ffb
1757527821.4871857,0x19000410,3,0a1ffb
1757527821.4872727,0x19000410,3,071ffb
1757527821.4886699,0x19000410,3,101ffb
1757527821.4887567,0x19000410,3,021ffb
1757527821.5075166,0x19000410,3,031ffb
1757527821.5076046,0x19000410,3,021ffb
1757527821.507691,0x19000410,3,071ffb
1757527821.510132,0x19000410,3,101ffb
1757527821.5112529,0x19000410,3,101ffb
1757527821.511341,0x19000410,3,071ffb
1757527821.5138476,0x19000410,3,101ffb
1757527821.5156975,0x19000410,3,101ffb
1757527821.515788,0x19000410,3,021ffb
1757527821.5276458,0x19000410,3,0f1ffb
1757527821.5292158,0x19000410,3,0b1ffb
1757527821.5295134,0x19000410,3,0c1ffb
1757527821.5555804,0x18820810,3,070202
1757527821.5556667,0x18820810,3,101e00
1757527821.5557523,0x19000410,3,071ffb
1757527821.5564556,0x19000410,3,101ffb
1757527821.6216354,0x19000410,3,121fff
1757527821.7644668,0x18820810,3,070202
1757527821.7645583,0x18820810,3,101e00
1757527821.7646465,0x19000410,3,071fff
1757527821.7651267,0x19000410,3,101fff
1757527821.973337,0x18820810,3,070202
1757527821.9734306,0x18820810,3,101e00
1757527821.9735208,0x19000410,3,071fff
1757527821.9741876,0x19000410,3,101fff
1757527822.12894,0x18820810,1,12
1757527822.1291463,0x19000410,3,121fff
1757527822.182206,0x18820810,3,070202
1757527822.1823022,0x18820810,3,101e00
1757527822.1825235,0x19000410,3,071fff
1757527822.1829853,0x19000410,3,101fff
1757527822.3910856,0x18820810,3,070202
1757527822.3911796,0x18820810,3,101e00
1757527822.3913522,0x19000410,3,071fff
1757527822.3918176,0x19000410,3,101fff
1757527822.599958,0x18820810,3,070202
1757527822.6000516,0x18820810,3,101e00
1757527822.6003091,0x19000410,3,071fff
1757527822.600761,0x19000410,3,101fff
1757527822.6367826,0x18820810,1,12
1757527822.637011,0x19000410,3,121fff
1757527822.808835,0x18820810,3,070202
1757527822.8089275,0x18820810,3,101e00
1757527822.809018,0x19000410,3,071fff
1757527822.8096778,0x19000410,3,101fff
1757527823.0177093,0x18820810,3,070202
1757527823.0178049,0x18820810,3,101e00
1757527823.017946,0x19000410,3,071fff
1757527823.018412,0x19000410,3,101fff
1757527823.1446402,0x18820810,1,12
1757527823.144836,0x19000410,3,121fff
1757527823.226577,0x18820810,3,070202
1757527823.2266657,0x18820810,3,101e00
1757527823.2268565,0x19000410,3,071fff
1757527823.2273195,0x19000410,3,101fff
1757527823.4354553,0x18820810,3,070202
1757527823.4355464,0x18820810,3,101e00
1757527823.4358249,0x19000410,3,071fff
1757527823.4362757,0x19000410,3,101fff
1757527823.6443334,0x18820810,3,070202
1757527823.644428,0x18820810,3,101e00
1757527823.6446362,0x19000410,3,071fff
1757527823.6451056,0x19000410,3,101fff
1757527823.6524844,0x18820810,1,12
1757527823.652696,0x19000410,3,121fff
1757527823.8532116,0x18820810,3,070202
1757527823.8533058,0x18820810,3,101e00
1757527823.853441,0x19000410,3,071fff
1757527823.8539007,0x19000410,3,101fff
1757527824.0620792,0x18820810,3,070202
1757527824.0621715,0x18820810,3,101e00
1757527824.06226,0x19000410,3,071fff
1757527824.06274,0x19000410,3,101fff
1757527824.1603339,0x18820810,1,12
1757527824.1606457,0x19000410,3,121fff
1757527824.2709537,0x18820810,3,070202
1757527824.2710462,0x18820810,3,101e00
1757527824.2712986,0x19000410,3,071fff
1757527824.2717512,0x19000410,3,101fff
1757527824.4798267,0x18820810,3,070202
1757527824.479919,0x18820810,3,101e00
1757527824.4801192,0x19000410,3,071fff
1757527824.4805808,0x19000410,3,101fff
1757527824.6681972,0x18820810,1,12
1757527824.6683705,0x19000410,3,121fff
1757527824.688692,0x18820810,3,070202
1757527824.6887817,0x18820810,3,101e00
1757527824.6889207,0x19000410,3,071fff
1757527824.68939,0x19000410,3,101fff
1757527824.8975759,0x18820810,3,070202
1757527824.8976681,0x18820810,3,101e00
1757527824.8977592,0x19000410,3,071fff
1757527824.8982284,0x19000410,3,101fff
1757527825.1064498,0x18820810,3,070202
1757527825.1065447,0x18820810,3,101e00
1757527825.1067288,0x19000410,3,071fff
1757527825.1071885,0x19000410,3,101fff
1757527825.1760361,0x18820810,1,12
1757527825.17634,0x19000410,3,121fff
1757527825.3153212,0x18820810,3,070202
1757527825.3154135,0x18820810,3,101e00
1757527825.3156376,0x19000410,3,071fff
1757527825.3160932,0x19000410,3,101fff
1757527825.5241945,0x18820810,3,070202
1757527825.5242882,0x18820810,3,101e00
1757527825.524377,0x19000410,3,071fff
1757527825.5250387,0x19000410,3,101fff
1757527825.6838984,0x18820810,1,12
1757527825.6840568,0x19000410,3,121fff
1757527825.7330737,0x18820810,3,070202
1757527825.7331672,0x18820810,3,101e00
1757527825.7332637,0x19000410,3,071fff
1757527825.7339282,0x19000410,3,101fff
1757527825.941949,0x18820810,3,070202
1757527825.942045,0x18820810,3,101e00
1757527825.9421945,0x19000410,3,071fff
1757527825.942657,0x19000410,3,101fff
1757527826.15082,0x18820810,3,070202
1757527826.1509123,0x18820810,3,101e00
1757527826.1510015,0x19000410,3,071fff
1757527826.1514833,0x19000410,3,101fff
1757527826.191738,0x18820810,1,12
1757527826.191905,0x19000410,3,121fff
1757527826.359692,0x18820810,3,070202
1757527826.359787,0x18820810,3,101e00
1757527826.3600445,0x19000410,3,071fff
1757527826.360498,0x19000410,3,101fff
1757527826.568576,0x18820810,3,070202
1757527826.568674,0x18820810,3,101e00
1757527826.5688646,0x19000410,3,071fff
1757527826.5693197,0x19000410,3,101fff
1757527826.6996007,0x18820810,1,12
1757527826.6998236,0x19000410,3,121fff
1757527826.7774382,0x18820810,3,070202
1757527826.7775278,0x18820810,3,101e00
1757527826.7776592,0x19000410,3,071fff
1757527826.7781208,0x19000410,3,101fff
1757527826.9863153,0x18820810,3,070202
