Timestamp,Arbitration_id,dlc,data
1757956373.6348712,0x1803280a,4,00000000
1757956373.775019,0x3080a,4,00000000
1757956373.7750874,0x18820810,1,01
1757956373.7757277,0x19000410,3,010000
1757956374.0398805,0x18820810,1,03
1757956374.039978,0x18820810,5,020a016f09
1757956374.0400658,0x18820810,3,070101
1757956374.0402071,0x18820810,8,102045204f464620
1757956374.040333,0x18820810,4,00202000
1757956374.0404193,0x18820810,5,0200007a20
1757956374.0405464,0x18820810,5,02010c3b09
1757956374.0406363,0x18820810,3,070101
1757956374.0408175,0x18820810,8,10506d702020302e
1757956374.040904,0x18820810,4,00302500
1757956374.0410304,0x18820810,5,0200007a20
1757956374.0411487,0x18820810,5,023e0c3b09
1757956374.0412345,0x18820810,3,070101
1757956374.041392,0x18820810,8,1074202020302e30
1757956374.041481,0x18820810,4,00f84300
1757956374.041617,0x18820810,5,0200007a20
1757956374.0417228,0x18820810,5,0201163b09
1757956374.0418265,0x18820810,3,070101
1757956374.0419202,0x18820810,2,0d00
1757956374.04206,0x18820810,8,1020506b20202020
1757956374.0421832,0x18820810,5,0020312000
1757956374.0422704,0x18820810,2,0d01
1757956374.0423887,0x18820810,6,0a00003b0001
1757956374.042527,0x18820810,6,0a0000000901
1757956374.0426226,0x18820810,5,0200007a20
1757956374.0427604,0x18820810,6,130900710b01
1757956374.042882,0x18820810,6,13000b3d0b01
1757956374.0430093,0x18820810,6,133d0b3d0b01
1757956374.0431104,0x18820810,1,12
1757956374.0431752,0x18820810,2,1100
1757956374.0543773,0x19000410,3,030000
1757956374.0544698,0x19000410,3,020000
1757956374.0545619,0x19000410,3,070000
1757956374.0569441,0x19000410,3,100000
1757956374.0576992,0x19000410,3,100000
1757956374.05779,0x19000410,3,020000
1757956374.0578876,0x19000410,3,070000
1757956374.057983,0x19000410,3,020000
1757956374.0603664,0x19000410,3,100000
1757956374.0611234,0x19000410,3,100000
1757956374.0612156,0x19000410,3,020000
1757956374.0613167,0x19000410,3,070000
1757956374.0614111,0x19000410,3,020000
1757956374.0637891,0x19000410,3,100000
1757956374.0645428,0x19000410,3,100000
1757956374.0646324,0x19000410,3,020000
1757956374.0647204,0x19000410,3,070000
1757956374.064844,0x19000410,3,0d0000
1757956374.0649316,0x19000410,3,020000
1757956374.0673013,0x19000410,3,100000
1757956374.0683208,0x19000410,3,100000
1757956374.0684097,0x19000410,3,0d0000
1757956374.0699284,0x19000410,3,0a0000
1757956374.070213,0x19000410,3,0a0000
1757956374.0703008,0x19000410,3,020000
1757956374.0732882,0x19000410,3,130000
1757956374.075089,0x19000410,3,130000
1757956374.0768526,0x19000410,3,130000
1757956374.0769444,0x19000410,3,121fff
1757956374.0770407,0x19000410,3,111fff
1757956374.245219,0x18820810,5,020a016f09
1757956374.2453127,0x18820810,3,070101
1757956374.2454486,0x18820810,8,102045204f464620
1757956374.2455485,0x18820810,4,00202000
1757956374.2456877,0x18820810,5,0200007a20
1757956374.2457833,0x18820810,5,02010c3b09
1757956374.2458742,0x18820810,3,070101
1757956374.2459671,0x19000410,3,021fff
1757956374.2461252,0x18820810,8,10506d702020302e
1757956374.2462204,0x18820810,4,00302500
1757956374.2463484,0x18820810,5,0200007a20
1757956374.2464743,0x18820810,5,023e0c3b09
1757956374.2465644,0x18820810,3,070101
1757956374.2467046,0x18820810,8,1074202020302e30
1757956374.2467968,0x18820810,4,00f84300
1757956374.2469306,0x18820810,5,0200007a20
1757956374.2470536,0x18820810,5,0201163b09
1757956374.247145,0x18820810,3,070101
1757956374.2472332,0x18820810,2,0d00
1757956374.2473724,0x18820810,8,1020506b20202020
1757956374.247495,0x18820810,5,0020312000
1757956374.2475872,0x18820810,2,0d01
1757956374.247708,0x18820810,6,0a00003b0001
1757956374.2478335,0x18820810,6,0a0000000901
1757956374.2479556,0x18820810,5,0200007a20
1757956374.248046,0x18820810,3,070202
1757956374.248134,0x18820810,3,101e00
1757956374.2482617,0x19000410,3,071fff
1757956374.2483573,0x19000410,3,101fff
1757956374.2490761,0x19000410,3,101fff
1757956374.249166,0x19000410,3,021fff
1757956374.2492611,0x19000410,3,071fff
1757956374.249355,0x19000410,3,021fff
1757956374.2517507,0x19000410,3,101fff
1757956374.2525103,0x19000410,3,101fff
1757956374.2525995,0x19000410,3,021fff
1757956374.2526882,0x19000410,3,071fff
1757956374.252778,0x19000410,3,021fff
1757956374.255173,0x19000410,3,101fff
1757956374.2559323,0x19000410,3,101fff
1757956374.256023,0x19000410,3,021fff
1757956374.256111,0x19000410,3,071fff
1757956374.256202,0x19000410,3,0d1fff
1757956374.2563295,0x19000410,3,021fff
1757956374.258685,0x19000410,3,101fff
1757956374.2597055,0x19000410,3,101fff
1757956374.2597966,0x19000410,3,0d1fff
1757956374.2613068,0x19000410,3,0a1fff
1757956374.2615898,0x19000410,3,0a1fff
1757956374.2616806,0x19000410,3,021fff
1757956374.261769,0x19000410,3,071fff
1757956374.262087,0x19000410,3,101fff
1757956374.4540951,0x18820810,5,020a016f09
1757956374.4541886,0x18820810,3,070101
1757956374.454318,0x18820810,8,102045204f464620
1757956374.4544072,0x18820810,4,00202000
1757956374.454542,0x18820810,5,0200007a20
1757956374.454667,0x18820810,5,02010c3b09
1757956374.454754,0x18820810,3,070101
1757956374.4548419,0x19000410,3,021fff
1757956374.4549959,0x18820810,8,10506d702020302e
1757956374.4550958,0x18820810,4,00302500
1757956374.455221,0x18820810,5,0200007a20
1757956374.4553435,0x18820810,5,023e0c3b09
1757956374.4554348,0x18820810,3,070101
1757956374.4555783,0x18820810,8,1074202020302e30
1757956374.4556682,0x18820810,4,00f84300
1757956374.4558027,0x18820810,5,0200007a20
1757956374.4558947,0x18820810,5,0201163b09
1757956374.456017,0x18820810,3,070101
1757956374.4561086,0x18820810,2,0d00
1757956374.456248,0x18820810,8,1020506b20202020
1757956374.4563696,0x18820810,5,0020312000
1757956374.4564624,0x18820810,2,0d01
1757956374.4565864,0x18820810,6,0a00003b0001
1757956374.45671,0x18820810,6,0a0000000901
1757956374.4568346,0x18820810,5,0200007a20
1757956374.4569232,0x18820810,3,070202
1757956374.4570131,0x18820810,3,101e00
1757956374.4571028,0x19000410,3,071fff
1757956374.4572268,0x19000410,3,101fff
1757956374.4579542,0x19000410,3,101fff
1757956374.4580424,0x19000410,3,021fff
1757956374.4581301,0x19000410,3,071fff
1757956374.4582539,0x19000410,3,021fff
1757956374.4606276,0x19000410,3,101fff
1757956374.4613843,0x19000410,3,101fff
1757956374.4614727,0x19000410,3,021fff
1757956374.4615622,0x19000410,3,071fff
1757956374.4616857,0x19000410,3,021fff
1757956374.4640498,0x19000410,3,101fff
1757956374.4648085,0x19000410,3,101fff
1757956374.4648976,0x19000410,3,021fff
1757956374.464986,0x19000410,3,071fff
1757956374.4651127,0x19000410,3,0d1fff
1757956374.465204,0x19000410,3,021fff
1757956374.4675634,0x19000410,3,101fff
1757956374.4685817,0x19000410,3,101fff
1757956374.4686706,0x19000410,3,0d1fff
1757956374.4701843,0x19000410,3,0a1fff
1757956374.4704683,0x19000410,3,0a1fff
1757956374.4705565,0x19000410,3,021fff
1757956374.470681,0x19000410,3,071fff
1757956374.4709713,0x19000410,3,101fff
1757956374.5441346,0x18820810,1,12
1757956374.5443811,0x19000410,3,121fff
1757956374.6629636,0x18820810,5,020a016f09
1757956374.6630569,0x18820810,3,070101
1757956374.6631966,0x18820810,8,102045204f464620
1757956374.663286,0x18820810,4,00202000
1757956374.663418,0x18820810,5,0200007a20
1757956374.66354,0x18820810,5,02010c3b09
1757956374.6636302,0x18820810,3,070101
1757956374.663717,0x19000410,3,021fff
1757956374.6638732,0x18820810,8,10506d702020302e
1757956374.6639605,0x18820810,4,00302500
1757956374.6640952,0x18820810,5,0200007a20
1757956374.6642194,0x18820810,5,023e0c3b09
1757956374.664307,0x18820810,3,070101
1757956374.664453,0x18820810,8,1074202020302e30
1757956374.6645439,0x18820810,4,00f84300
1757956374.6646764,0x18820810,5,0200007a20
1757956374.6647995,0x18820810,5,0201163b09
1757956374.6648886,0x18820810,3,070101
1757956374.664981,0x18820810,2,0d00
1757956374.66512,0x18820810,8,1020506b20202020
1757956374.665245,0x18820810,5,0020312000
1757956374.6653364,0x18820810,2,0d01
1757956374.665459,0x18820810,6,0a00003b0001
1757956374.6655889,0x18820810,6,0a0000000901
1757956374.6657119,0x18820810,5,0200007a20
1757956374.6658022,0x18820810,3,070202
1757956374.665898,0x18820810,3,101e00
1757956374.6659887,0x19000410,3,071fff
1757956374.666078,0x19000410,3,101fff
1757956374.6668077,0x19000410,3,101fff
1757956374.6668983,0x19000410,3,021fff
1757956374.666989,0x19000410,3,071fff
1757956374.6670833,0x19000410,3,021fff
1757956374.6694756,0x19000410,3,101fff
1757956374.670234,0x19000410,3,101fff
1757956374.670323,0x19000410,3,021fff
1757956374.6704113,0x19000410,3,071fff
1757956374.6705341,0x19000410,3,021fff
1757956374.6728992,0x19000410,3,101fff
1757956374.6736577,0x19000410,3,101fff
1757956374.673749,0x19000410,3,021fff
1757956374.6738384,0x19000410,3,071fff
1757956374.6739278,0x19000410,3,0d1fff
1757956374.6740513,0x19000410,3,021fff
1757956374.6764116,0x19000410,3,101fff
1757956374.6774333,0x19000410,3,101fff
1757956374.677523,0x19000410,3,0d1fff
1757956374.6790395,0x19000410,3,0a1fff
1757956374.6793206,0x19000410,3,0a1fff
1757956374.6794126,0x19000410,3,021fff
1757956374.6795025,0x19000410,3,071fff
1757956374.6798222,0x19000410,3,101fff
1757956374.871845,0x18820810,5,020a016f09
1757956374.871939,0x18820810,3,070101
1757956374.8720655,0x18820810,8,102045204f464620
1757956374.8721557,0x18820810,4,00202000
1757956374.8722908,0x18820810,5,0200007a20
1757956374.8724153,0x18820810,5,02010c3b09
1757956374.8725033,0x18820810,3,070101
1757956374.8725922,0x19000410,3,021fff
1757956374.8727467,0x18820810,8,10506d702020302e
1757956374.872835,0x18820810,4,00302500
1757956374.8729694,0x18820810,5,0200007a20
1757956374.8730943,0x18820810,5,023e0c3b09
1757956374.8731835,0x18820810,3,070101
1757956374.8733275,0x18820810,8,1074202020302e30
1757956374.8734183,0x18820810,4,00f84300
1757956374.87355,0x18820810,5,0200007a20
1757956374.8736737,0x18820810,5,0201163b09
1757956374.873765,0x18820810,3,070101
1757956374.8738544,0x18820810,2,0d00
1757956374.8739982,0x18820810,8,1020506b20202020
1757956374.874121,0x18820810,5,0020312000
1757956374.8742094,0x18820810,2,0d01
1757956374.874333,0x18820810,6,0a00003b0001
1757956374.8744574,0x18820810,6,0a0000000901
1757956374.8745847,0x18820810,5,0200007a20
1757956374.8746715,0x18820810,3,070202
1757956374.8747592,0x18820810,3,101e00
1757956374.874881,0x19000410,3,071fff
1757956374.8749714,0x19000410,3,101fff
1757956374.875677,0x19000410,3,101fff
1757956374.8757665,0x19000410,3,021fff
1757956374.875858,0x19000410,3,071fff
1757956374.87598,0x19000410,3,021fff
1757956374.878349,0x19000410,3,101fff
1757956374.8791084,0x19000410,3,101fff
1757956374.8791974,0x19000410,3,021fff
1757956374.8792863,0x19000410,3,071fff
1757956374.879408,0x19000410,3,021fff
1757956374.8817754,0x19000410,3,101fff
1757956374.8825283,0x19000410,3,101fff
1757956374.8826168,0x19000410,3,021fff
1757956374.8827052,0x19000410,3,071fff
1757956374.8828285,0x19000410,3,0d1fff
1757956374.8829176,0x19000410,3,021fff
1757956374.885283,0x19000410,3,101fff
1757956374.8863034,0x19000410,3,101fff
1757956374.8863914,0x19000410,3,0d1fff
1757956374.8879046,0x19000410,3,0a1fff
1757956374.8881893,0x19000410,3,0a1fff
1757956374.8882768,0x19000410,3,021fff
1757956374.8884006,0x19000410,3,071fff
1757956374.8886905,0x19000410,3,101fff
1757956375.051981,0x18820810,1,12
1757956375.052184,0x19000410,3,121fff
1757956375.0807068,0x18820810,5,020a016f09
1757956375.0807981,0x18820810,3,070101
1757956375.080942,0x18820810,8,102045204f464620
1757956375.0810313,0x18820810,4,00202000
1757956375.0811698,0x18820810,5,0200007a20
1757956375.0812654,0x18820810,5,02010c3b09
1757956375.0813894,0x18820810,3,070101
1757956375.0814803,0x19000410,3,021fff
1757956375.0816195,0x18820810,8,10506d702020302e
1757956375.0817096,0x18820810,4,00302500
1757956375.0818448,0x18820810,5,0200007a20
1757956375.0819695,0x18820810,5,023e0c3b09
1757956375.0820603,0x18820810,3,070101
1757956375.0822008,0x18820810,8,1074202020302e30
1757956375.0822904,0x18820810,4,00f84300
1757956375.082429,0x18820810,5,0200007a20
1757956375.0825183,0x18820810,5,0201163b09
1757956375.0826426,0x18820810,3,070101
1757956375.0827315,0x18820810,2,0d00
1757956375.082868,0x18820810,8,1020506b20202020
1757956375.0829914,0x18820810,5,0020312000
1757956375.0830874,0x18820810,2,0d01
1757956375.0832105,0x18820810,6,0a00003b0001
1757956375.0833325,0x18820810,6,0a0000000901
1757956375.0834553,0x18820810,5,0200007a20
1757956375.0835507,0x18820810,3,070202
1757956375.0836406,0x18820810,3,101e00
1757956375.08373,0x19000410,3,071fff
1757956375.0838528,0x19000410,3,101fff
1757956375.0845106,0x19000410,3,101fff
1757956375.0845993,0x19000410,3,021fff
1757956375.0846891,0x19000410,3,071fff
1757956375.0848129,0x19000410,3,021fff
1757956375.0871818,0x19000410,3,101fff
1757956375.0879397,0x19000410,3,101fff
1757956375.0880284,0x19000410,3,021fff
1757956375.088119,0x19000410,3,071fff
1757956375.0882413,0x19000410,3,021fff
1757956375.090604,0x19000410,3,101fff
1757956375.0913649,0x19000410,3,101fff
1757956375.0914536,0x19000410,3,021fff
1757956375.0915432,0x19000410,3,071fff
1757956375.0916348,0x19000410,3,0d1fff
1757956375.091759,0x19000410,3,021fff
1757956375.0941184,0x19000410,3,101fff
1757956375.0951476,0x19000410,3,101fff
1757956375.0952368,0x19000410,3,0d1fff
1757956375.0967395,0x19000410,3,0a1fff
1757956375.0970259,0x19000410,3,0a1fff
1757956375.0971155,0x19000410,3,021fff
1757956375.097205,0x19000410,3,071fff
1757956375.0975268,0x19000410,3,101fff
1757956375.2895932,0x18820810,5,020a016f09
1757956375.2896862,0x18820810,3,070101
1757956375.289814,0x18820810,8,102045204f464620
1757956375.2899034,0x18820810,4,00202000
1757956375.2900398,0x18820810,5,0200007a20
1757956375.2901683,0x18820810,5,02010c3b09
1757956375.290257,0x18820810,3,070101
1757956375.2903454,0x19000410,3,021fff
1757956375.2904925,0x18820810,8,10506d702020302e
1757956375.2905822,0x18820810,4,00302500
1757956375.2907205,0x18820810,5,0200007a20
1757956375.290847,0x18820810,5,023e0c3b09
1757956375.2909377,0x18820810,3,070101
1757956375.2910736,0x18820810,8,1074202020302e30
1757956375.291167,0x18820810,4,00f84300
1757956375.2912996,0x18820810,5,0200007a20
1757956375.291423,0x18820810,5,0201163b09
1757956375.291517,0x18820810,3,070101
1757956375.2916048,0x18820810,2,0d00
1757956375.2917447,0x18820810,8,1020506b20202020
1757956375.291868,0x18820810,5,0020312000
1757956375.2919574,0x18820810,2,0d01
1757956375.2920823,0x18820810,6,0a00003b0001
1757956375.2922077,0x18820810,6,0a0000000901
1757956375.2923331,0x18820810,5,0200007a20
1757956375.2924223,0x18820810,3,070202
1757956375.2925112,0x18820810,3,101e00
1757956375.2926025,0x19000410,3,071fff
1757956375.2927265,0x19000410,3,101fff
1757956375.2933893,0x19000410,3,101fff
1757956375.2934806,0x19000410,3,021fff
1757956375.2935686,0x19000410,3,071fff
1757956375.293691,0x19000410,3,021fff
1757956375.296055,0x19000410,3,101fff
1757956375.2968109,0x19000410,3,101fff
1757956375.296901,0x19000410,3,021fff
1757956375.2969904,0x19000410,3,071fff
1757956375.2971172,0x19000410,3,021fff
1757956375.2994764,0x19000410,3,101fff
1757956375.3002324,0x19000410,3,101fff
1757956375.3003216,0x19000410,3,021fff
1757956375.300414,0x19000410,3,071fff
1757956375.3005362,0x19000410,3,0d1fff
1757956375.3006291,0x19000410,3,021fff
1757956375.3029897,0x19000410,3,101fff
1757956375.3040109,0x19000410,3,101fff
1757956375.3041003,0x19000410,3,0d1fff
1757956375.3056142,0x19000410,3,0a1fff
1757956375.3058949,0x19000410,3,0a1fff
1757956375.3059864,0x19000410,3,021fff
1757956375.3060758,0x19000410,3,071fff
1757956375.3064003,0x19000410,3,101fff
1757956375.4984632,0x18820810,5,020a016f09
1757956375.4985542,0x18820810,3,070101
1757956375.4986885,0x18820810,8,102045204f464620
1757956375.4987829,0x18820810,4,00202000
1757956375.498915,0x18820810,5,0200007a20
1757956375.4990394,0x18820810,5,02010c3b09
1757956375.4991314,0x18820810,3,070101
1757956375.4992218,0x19000410,3,021fff
1757956375.499366,0x18820810,8,10506d702020302e
1757956375.499455,0x18820810,4,00302500
1757956375.4995968,0x18820810,5,0200007a20
1757956375.499686,0x18820810,5,023e0c3b09
1757956375.49981,0x18820810,3,070101
1757956375.4999504,0x18820810,8,1074202020302e30
1757956375.5000381,0x18820810,4,00f84300
1757956375.5001724,0x18820810,5,0200007a20
1757956375.5002978,0x18820810,5,0201163b09
1757956375.5003889,0x18820810,3,070101
1757956375.5004778,0x18820810,2,0d00
1757956375.500621,0x18820810,8,1020506b20202020
1757956375.500744,0x18820810,5,0020312000
1757956375.500835,0x18820810,2,0d01
1757956375.5009582,0x18820810,6,0a00003b0001
1757956375.5010836,0x18820810,6,0a0000000901
1757956375.5012045,0x18820810,5,0200007a20
1757956375.5012913,0x18820810,3,070202
1757956375.5013785,0x18820810,3,101e00
1757956375.5014994,0x19000410,3,101fff
1757956375.5015876,0x19000410,3,071fff
1757956375.5021505,0x19000410,3,101fff
1757956375.5022454,0x19000410,3,021fff
1757956375.5023346,0x19000410,3,071fff
1757956375.5024216,0x19000410,3,021fff
1757956375.5048208,0x19000410,3,101fff
1757956375.5055804,0x19000410,3,101fff
1757956375.5056696,0x19000410,3,021fff
1757956375.5057583,0x19000410,3,071fff
1757956375.5058806,0x19000410,3,021fff
1757956375.508244,0x19000410,3,101fff
1757956375.509003,0x19000410,3,101fff
1757956375.5090935,0x19000410,3,021fff
1757956375.5091825,0x19000410,3,071fff
1757956375.5092726,0x19000410,3,0d1fff
1757956375.5093946,0x19000410,3,021fff
1757956375.511759,0x19000410,3,101fff
1757956375.5127761,0x19000410,3,101fff
1757956375.5128646,0x19000410,3,0d1fff
1757956375.5143824,0x19000410,3,0a1fff
1757956375.5146656,0x19000410,3,0a1fff
1757956375.5147579,0x19000410,3,021fff
1757956375.5148492,0x19000410,3,071fff
1757956375.515166,0x19000410,3,101fff
1757956375.559826,0x18820810,1,12
1757956375.560136,0x19000410,3,121fff
1757956375.707329,0x18820810,5,020a016f09
1757956375.707417,0x18820810,3,070101
1757956375.707563,0x18820810,8,102045204f464620
1757956375.7076528,0x18820810,4,00202000
1757956375.7077959,0x18820810,5,0200007a20
1757956375.7078846,0x18820810,5,02010c3b09
1757956375.7080057,0x18820810,3,070101
1757956375.7080932,0x19000410,3,021fff
1757956375.7082398,0x18820810,8,10506d702020302e
1757956375.70833,0x18820810,4,00302500
1757956375.7084682,0x18820810,5,0200007a20
1757956375.7085888,0x18820810,5,023e0c3b09
1757956375.7086756,0x18820810,3,070101
1757956375.7088199,0x18820810,8,1074202020302e30
1757956375.7089396,0x18820810,4,00f84300
1757956375.709026,0x18820810,5,0200007a20
1757956375.7091603,0x18820810,5,0201163b09
1757956375.7092478,0x18820810,3,070101
1757956375.709335,0x18820810,2,0d00
1757956375.7094898,0x18820810,8,1020506b20202020
1757956375.7096102,0x18820810,5,0020312000
1757956375.7096994,0x18820810,2,0d01
1757956375.7098236,0x18820810,6,0a00003b0001
1757956375.709951,0x18820810,6,0a0000000901
1757956375.7100718,0x18820810,5,0200007a20
1757956375.7101583,0x18820810,3,070202
1757956375.7102478,0x18820810,3,101e00
1757956375.7103686,0x19000410,3,101fff
1757956375.7104561,0x19000410,3,071fff
1757956375.7110865,0x19000410,3,101fff
1757956375.711174,0x19000410,3,021fff
1757956375.711261,0x19000410,3,071fff
1757956375.7113807,0x19000410,3,021fff
1757956375.713756,0x19000410,3,101fff
1757956375.7145133,0x19000410,3,101fff
1757956375.7146,0x19000410,3,021fff
1757956375.7146893,0x19000410,3,071fff
1757956375.714811,0x19000410,3,021fff
1757956375.7171798,0x19000410,3,101fff
1757956375.7179356,0x19000410,3,101fff
1757956375.7180223,0x19000410,3,021fff
1757956375.7181108,0x19000410,3,071fff
1757956375.718232,0x19000410,3,0d1fff
1757956375.7183187,0x19000410,3,021fff
1757956375.7206912,0x19000410,3,101fff
1757956375.7217116,0x19000410,3,101fff
1757956375.7217987,0x19000410,3,0d1fff
1757956375.7233157,0x19000410,3,0a1fff
1757956375.7235963,0x19000410,3,0a1fff
1757956375.7236843,0x19000410,3,021fff
1757956375.7238052,0x19000410,3,071fff
1757956375.724098,0x19000410,3,101fff
1757956375.9162047,0x18820810,5,020a016f09
1757956375.916294,0x18820810,3,070101
1757956375.916438,0x18820810,8,102045204f464620
1757956375.9165251,0x18820810,4,00202000
1757956375.9166594,0x18820810,5,0200007a20
1757956375.916781,0x18820810,5,02010c3b09
1757956375.916868,0x18820810,3,070101
1757956375.9169545,0x19000410,3,021fff
1757956375.9171133,0x18820810,8,10506d702020302e
1757956375.9172022,0x18820810,4,00302500
1757956375.9173386,0x18820810,5,0200007a20
1757956375.9174583,0x18820810,5,023e0c3b09
1757956375.9175503,0x18820810,3,070101
1757956375.9176948,0x18820810,8,1074202020302e30
1757956375.917817,0x18820810,4,00f84300
1757956375.9179056,0x18820810,5,0200007a20
1757956375.9180326,0x18820810,5,0201163b09
1757956375.9181232,0x18820810,3,070101
1757956375.9182103,0x18820810,2,0d00
1757956375.918364,0x18820810,8,1020506b20202020
1757956375.9184873,0x18820810,5,0020312000
1757956375.9185743,0x18820810,2,0d01
1757956375.9186976,0x18820810,6,0a00003b0001
1757956375.9188244,0x18820810,6,0a0000000901
1757956375.9189484,0x18820810,5,0200007a20
1757956375.9190354,0x18820810,3,070202
1757956375.9191217,0x18820810,3,101e00
1757956375.919242,0x19000410,3,071fff
1757956375.9193304,0x19000410,3,101fff
1757956375.9200752,0x19000410,3,101fff
1757956375.9201622,0x19000410,3,021fff
1757956375.9202516,0x19000410,3,071fff
1757956375.9203715,0x19000410,3,021fff
1757956375.9227455,0x19000410,3,101fff
1757956375.9235039,0x19000410,3,101fff
1757956375.9235914,0x19000410,3,021fff
1757956375.9236794,0x19000410,3,071fff
1757956375.9238017,0x19000410,3,021fff
1757956375.926169,0x19000410,3,101fff
1757956375.9269276,0x19000410,3,101fff
1757956375.927015,0x19000410,3,021fff
1757956375.927102,0x19000410,3,071fff
1757956375.9272234,0x19000410,3,0d1fff
1757956375.927313,0x19000410,3,021fff
1757956375.9296813,0x19000410,3,101fff
1757956375.930702,0x19000410,3,101fff
1757956375.9307895,0x19000410,3,0d1fff
1757956375.932306,0x19000410,3,0a1fff
1757956375.9325876,0x19000410,3,0a1fff
1757956375.9326756,0x19000410,3,021fff
1757956375.9327958,0x19000410,3,071fff
1757956375.9330876,0x19000410,3,101fff
1757956376.0676835,0x18820810,1,12
1757956376.0678275,0x19000410,3,121fff
1757956376.1250863,0x18820810,5,020a016f09
1757956376.125179,0x18820810,3,070101
1757956376.1253107,0x18820810,8,102045204f464620
1757956376.1253994,0x18820810,4,00202000
1757956376.1255352,0x18820810,5,0200007a20
1757956376.1256597,0x18820810,5,02010c3b09
1757956376.125747,0x18820810,3,070101
1757956376.1258345,0x19000410,3,021fff
1757956376.125989,0x18820810,8,10506d702020302e
1757956376.1260784,0x18820810,4,00302500
1757956376.126214,0x18820810,5,0200007a20
1757956376.1263378,0x18820810,5,023e0c3b09
1757956376.126425,0x18820810,3,070101
1757956376.1265125,0x19000410,3,071fff
1757956376.1266675,0x18820810,8,1074202020302e30
1757956376.1267884,0x18820810,4,00f84300
1757956376.126875,0x18820810,5,0200007a20
1757956376.1270056,0x18820810,5,0201163b09
1757956376.1270962,0x18820810,3,070101
1757956376.127184,0x18820810,2,0d00
1757956376.1273375,0x18820810,8,1020506b20202020
1757956376.1274586,0x18820810,5,0020312000
1757956376.127546,0x18820810,2,0d01
1757956376.1276696,0x18820810,6,0a00003b0001
1757956376.127798,0x18820810,6,0a0000000901
1757956376.127919,0x18820810,5,0200007a20
1757956376.1280067,0x18820810,3,070202
1757956376.1280978,0x18820810,3,101e00
1757956376.1282191,0x19000410,3,101fff
1757956376.1288052,0x19000410,3,101fff
1757956376.1288924,0x19000410,3,021fff
1757956376.1289806,0x19000410,3,071fff
1757956376.1291049,0x19000410,3,021fff
1757956376.1314766,0x19000410,3,101fff
1757956376.132234,0x19000410,3,101fff
1757956376.1323214,0x19000410,3,021fff
1757956376.1324089,0x19000410,3,071fff
1757956376.1325328,0x19000410,3,021fff
1757956376.1348991,0x19000410,3,101fff
1757956376.1356559,0x19000410,3,101fff
1757956376.1357431,0x19000410,3,021fff
1757956376.1358297,0x19000410,3,071fff
1757956376.1359525,0x19000410,3,0d1fff
1757956376.1360426,0x19000410,3,021fff
1757956376.138411,0x19000410,3,101fff
1757956376.1394322,0x19000410,3,101fff
1757956376.1395192,0x19000410,3,0d1fff
1757956376.1410363,0x19000410,3,0a1fff
1757956376.141318,0x19000410,3,0a1fff
1757956376.1414077,0x19000410,3,021fff
1757956376.1415274,0x19000410,3,071fff
1757956376.1418195,0x19000410,3,101fff
1757956376.333957,0x18820810,5,020a016f09
1757956376.3340473,0x18820810,3,070101
1757956376.3341835,0x18820810,8,102045204f464620
1757956376.334277,0x18820810,4,00202000
1757956376.334409,0x18820810,5,0200007a20
1757956376.33453,0x18820810,5,02010c3b09
1757956376.3346186,0x18820810,3,070101
1757956376.334708,0x19000410,3,021fff
1757956376.3348644,0x18820810,8,10506d702020302e
1757956376.3349576,0x18820810,4,00302500
1757956376.335089,0x18820810,5,0200007a20
1757956376.3352137,0x18820810,5,023e0c3b09
1757956376.3353007,0x18820810,3,070101
1757956376.3354435,0x18820810,8,1074202020302e30
1757956376.3355317,0x18820810,4,00f84300
1757956376.3356705,0x18820810,5,0200007a20
1757956376.3357897,0x18820810,5,0201163b09
1757956376.3358767,0x18820810,3,070101
1757956376.3359635,0x18820810,2,0d00
1757956376.3361113,0x18820810,8,1020506b20202020
1757956376.336234,0x18820810,5,0020312000
1757956376.3363254,0x18820810,2,0d01
1757956376.3364477,0x18820810,6,0a00003b0001
1757956376.3365736,0x18820810,6,0a0000000901
1757956376.3366952,0x18820810,5,0200007a20
1757956376.3367825,0x18820810,3,070202
1757956376.3368707,0x18820810,3,101e00
1757956376.336992,0x19000410,3,071fff
1757956376.3370786,0x19000410,3,101fff
1757956376.3377934,0x19000410,3,101fff
1757956376.3378801,0x19000410,3,021fff
1757956376.3379686,0x19000410,3,071fff
1757956376.3380911,0x19000410,3,021fff
1757956376.3404648,0x19000410,3,101fff
1757956376.3412218,0x19000410,3,101fff
1757956376.3413084,0x19000410,3,021fff
1757956376.3413959,0x19000410,3,071fff
1757956376.3415198,0x19000410,3,021fff
1757956376.3438885,0x19000410,3,101fff
1757956376.3446467,0x19000410,3,101fff
1757956376.3447335,0x19000410,3,021fff
1757956376.34482,0x19000410,3,071fff
1757956376.3449407,0x19000410,3,0d1fff
1757956376.3450272,0x19000410,3,021fff
1757956376.3474019,0x19000410,3,101fff
1757956376.3484209,0x19000410,3,101fff
1757956376.3485076,0x19000410,3,0d1fff
1757956376.350022,0x19000410,3,0a1fff
1757956376.3503065,0x19000410,3,0a1fff
1757956376.350393,0x19000410,3,021fff
1757956376.3505123,0x19000410,3,071fff
1757956376.350805,0x19000410,3,101fff
1757956376.5428307,0x18820810,5,020a016f09
1757956376.5429215,0x18820810,3,070101
1757956376.5430589,0x18820810,8,102045204f464620
1757956376.543148,0x18820810,4,00202000
1757956376.5432835,0x18820810,5,0200007a20
1757956376.5434046,0x18820810,5,02010c3b09
1757956376.5434911,0x18820810,3,070101
1757956376.5435803,0x19000410,3,021fff
1757956376.5437436,0x18820810,8,10506d702020302e
1757956376.543835,0x18820810,4,00302500
1757956376.543963,0x18820810,5,0200007a20
1757956376.5440862,0x18820810,5,023e0c3b09
1757956376.5441728,0x18820810,3,070101
1757956376.5443206,0x18820810,8,1074202020302e30
1757956376.5444088,0x18820810,4,00f84300
1757956376.5445414,0x18820810,5,0200007a20
1757956376.5446618,0x18820810,5,0201163b09
1757956376.5447483,0x18820810,3,070101
1757956376.544835,0x18820810,2,0d00
1757956376.5449862,0x18820810,8,1020506b20202020
1757956376.545109,0x18820810,5,0020312000
1757956376.5451977,0x18820810,2,0d01
1757956376.5453193,0x18820810,6,0a00003b0001
1757956376.5454473,0x18820810,6,0a0000000901
1757956376.5455682,0x18820810,5,0200007a20
1757956376.5456545,0x18820810,3,070202
1757956376.5457778,0x18820810,3,101e00
1757956376.5458646,0x19000410,3,071fff
1757956376.5459511,0x19000410,3,101fff
1757956376.54666,0x19000410,3,101fff
1757956376.5467484,0x19000410,3,021fff
1757956376.5468369,0x19000410,3,071fff
1757956376.5469592,0x19000410,3,021fff
1757956376.5493302,0x19000410,3,101fff
1757956376.5500877,0x19000410,3,101fff
1757956376.5501745,0x19000410,3,021fff
1757956376.5502934,0x19000410,3,071fff
1757956376.5503795,0x19000410,3,021fff
1757956376.552757,0x19000410,3,101fff
1757956376.5535102,0x19000410,3,101fff
1757956376.553597,0x19000410,3,021fff
1757956376.5536842,0x19000410,3,071fff
1757956376.553804,0x19000410,3,0d1fff
1757956376.5538945,0x19000410,3,021fff
1757956376.5562654,0x19000410,3,101fff
1757956376.557285,0x19000410,3,101fff
1757956376.5573716,0x19000410,3,0d1fff
1757956376.5588882,0x19000410,3,0a1fff
1757956376.5591722,0x19000410,3,0a1fff
1757956376.5592587,0x19000410,3,021fff
1757956376.5593793,0x19000410,3,071fff
1757956376.5596726,0x19000410,3,101fff
1757956376.5755346,0x18820810,1,12
1757956376.5757968,0x19000410,3,121fff
1757956376.7517006,0x18820810,5,020a016f09
1757956376.7517903,0x18820810,3,070101
1757956376.7519324,0x18820810,8,102045204f464620
1757956376.7520192,0x18820810,4,00202000
1757956376.7521574,0x18820810,5,0200007a20
1757956376.7522786,0x18820810,5,02010c3b09
1757956376.7523663,0x18820810,3,070101
1757956376.7524555,0x19000410,3,021fff
1757956376.752611,0x18820810,8,10506d702020302e
1757956376.7527018,0x18820810,4,00302500
1757956376.7528367,0x18820810,5,0200007a20
1757956376.7529588,0x18820810,5,023e0c3b09
1757956376.7530468,0x18820810,3,070101
1757956376.753191,0x18820810,8,1074202020302e30
1757956376.7532837,0x18820810,4,00f84300
1757956376.753415,0x18820810,5,0200007a20
1757956376.753536,0x18820810,5,0201163b09
1757956376.7536232,0x18820810,3,070101
1757956376.753712,0x18820810,2,0d00
1757956376.75386,0x18820810,8,1020506b20202020
1757956376.7539814,0x18820810,5,0020312000
1757956376.754069,0x18820810,2,0d01
1757956376.7541914,0x18820810,6,0a00003b0001
1757956376.75432,0x18820810,6,0a0000000901
1757956376.754442,0x18820810,5,0200007a20
1757956376.7545278,0x18820810,3,070202
1757956376.754616,0x18820810,3,101e00
1757956376.7547412,0x19000410,3,071fff
1757956376.7548285,0x19000410,3,101fff
1757956376.7555099,0x19000410,3,101fff
1757956376.7555966,0x19000410,3,021fff
1757956376.7556841,0x19000410,3,071fff
1757956376.7558045,0x19000410,3,021fff
1757956376.758182,0x19000410,3,101fff
1757956376.7589395,0x19000410,3,101fff
1757956376.7590268,0x19000410,3,021fff
1757956376.7591207,0x19000410,3,071fff
1757956376.7592416,0x19000410,3,021fff
1757956376.7616048,0x19000410,3,101fff
1757956376.762362,0x19000410,3,101fff
1757956376.7624488,0x19000410,3,021fff
1757956376.7625358,0x19000410,3,071fff
1757956376.7626584,0x19000410,3,0d1fff
1757956376.7627501,0x19000410,3,021fff
1757956376.765119,0x19000410,3,101fff
1757956376.7661383,0x19000410,3,101fff
1757956376.7662263,0x19000410,3,0d1fff
1757956376.7677398,0x19000410,3,0a1fff
1757956376.768024,0x19000410,3,0a1fff
1757956376.7681122,0x19000410,3,021fff
1757956376.7682328,0x19000410,3,071fff
1757956376.7685215,0x19000410,3,101fff
1757956376.9605749,0x18820810,5,020a016f09
1757956376.9606652,0x18820810,3,070101
1757956376.9608066,0x18820810,8,102045204f464620
1757956376.9608946,0x18820810,4,00202000
1757956376.9610338,0x18820810,5,0200007a20
1757956376.9611542,0x18820810,5,02010c3b09
1757956376.9612439,0x18820810,3,070101
1757956376.9613347,0x19000410,3,021fff
1757956376.9614851,0x18820810,8,10506d702020302e
1757956376.961572,0x18820810,4,00302500
1757956376.9617083,0x18820810,5,0200007a20
1757956376.961828,0x18820810,5,023e0c3b09
1757956376.9619143,0x18820810,3,070101
1757956376.962068,0x18820810,8,1074202020302e30
1757956376.9621577,0x18820810,4,00f84300
1757956376.9622922,0x18820810,5,0200007a20
1757956376.9624114,0x18820810,5,0201163b09
1757956376.9625003,0x18820810,3,070101
1757956376.9625874,0x18820810,2,0d00
1757956376.962734,0x18820810,8,1020506b20202020
1757956376.962863,0x18820810,5,0020312000
1757956376.96295,0x18820810,2,0d01
1757956376.9630733,0x18820810,6,0a00003b0001
1757956376.9631972,0x18820810,6,0a0000000901
1757956376.963319,0x18820810,5,0200007a20
1757956376.9634054,0x18820810,3,070202
1757956376.963494,0x18820810,3,101e00
1757956376.9636142,0x19000410,3,071fff
1757956376.9637036,0x19000410,3,101fff
1757956376.9643724,0x19000410,3,101fff
1757956376.9644597,0x19000410,3,021fff
1757956376.9645479,0x19000410,3,071fff
1757956376.964668,0x19000410,3,021fff
1757956376.9670405,0x19000410,3,101fff
1757956376.9677985,0x19000410,3,101fff
1757956376.9678864,0x19000410,3,021fff
1757956376.9679737,0x19000410,3,071fff
1757956376.9680965,0x19000410,3,021fff
1757956376.970464,0x19000410,3,101fff
1757956376.9712205,0x19000410,3,101fff
1757956376.9713087,0x19000410,3,021fff
1757956376.9713948,0x19000410,3,071fff
1757956376.9715168,0x19000410,3,0d1fff
1757956376.9716036,0x19000410,3,021fff
1757956376.9739761,0x19000410,3,101fff
1757956376.9749956,0x19000410,3,101fff
1757956376.9750845,0x19000410,3,0d1fff
1757956376.976598,0x19000410,3,0a1fff
1757956376.9768817,0x19000410,3,0a1fff
1757956376.97697,0x19000410,3,021fff
1757956376.9770885,0x19000410,3,071fff
1757956376.9773843,0x19000410,3,101fff
1757956377.0833848,0x18820810,1,12
1757956377.0836136,0x19000410,3,121fff
1757956377.1694539,0x18820810,5,020a016f09
1757956377.169545,0x18820810,3,070101
1757956377.169683,0x18820810,8,102045204f464620
1757956377.169777,0x18820810,4,00202000
1757956377.1699057,0x18820810,5,0200007a20
1757956377.1700292,0x18820810,5,02010c3b09
1757956377.1701171,0x18820810,3,070101
1757956377.170206,0x19000410,3,021fff
1757956377.1703582,0x18820810,8,10506d702020302e
1757956377.1704814,0x18820810,4,00302500
1757956377.1705692,0x18820810,5,0200007a20
1757956377.1706972,0x18820810,5,023e0c3b09
1757956377.1707845,0x18820810,3,070101
1757956377.1709483,0x18820810,8,1074202020302e30
1757956377.1710398,0x18820810,4,00f84300
1757956377.1711636,0x18820810,5,0200007a20
1757956377.1712825,0x18820810,5,0201163b09
1757956377.1713724,0x18820810,3,070101
1757956377.1714594,0x18820810,2,0d00
1757956377.1716092,0x18820810,8,1020506b20202020
1757956377.1717303,0x18820810,5,0020312000
1757956377.1718175,0x18820810,2,0d01
1757956377.1719396,0x18820810,6,0a00003b0001
1757956377.172069,0x18820810,6,0a0000000901
1757956377.1721923,0x18820810,5,0200007a20
1757956377.172279,0x18820810,3,070202
1757956377.1723664,0x18820810,3,101e00
1757956377.1724868,0x19000410,3,101fff
1757956377.172575,0x19000410,3,071fff
1757956377.1732163,0x19000410,3,101fff
1757956377.1733038,0x19000410,3,021fff
1757956377.1733897,0x19000410,3,071fff
1757956377.1735122,0x19000410,3,021fff
1757956377.1758885,0x19000410,3,101fff
1757956377.176645,0x19000410,3,101fff
1757956377.1767318,0x19000410,3,021fff
1757956377.17682,0x19000410,3,071fff
1757956377.1769464,0x19000410,3,021fff
1757956377.179313,0x19000410,3,101fff
1757956377.1800685,0x19000410,3,101fff
1757956377.1801562,0x19000410,3,021fff
1757956377.180244,0x19000410,3,071fff
1757956377.1803665,0x19000410,3,0d1fff
1757956377.180455,0x19000410,3,021fff
1757956377.182823,0x19000410,3,101fff
1757956377.1838434,0x19000410,3,101fff
1757956377.1839304,0x19000410,3,0d1fff
1757956377.1854477,0x19000410,3,0a1fff
1757956377.185729,0x19000410,3,0a1fff
1757956377.185818,0x19000410,3,021fff
1757956377.1859386,0x19000410,3,071fff
1757956377.1862292,0x19000410,3,101fff
1757956377.378325,0x18820810,5,020a016f09
1757956377.378415,0x18820810,3,070101
1757956377.3785565,0x18820810,8,102045204f464620
1757956377.3786445,0x18820810,4,00202000
1757956377.3787816,0x18820810,5,0200007a20
1757956377.378906,0x18820810,5,02010c3b09
1757956377.3789957,0x18820810,3,070101
1757956377.3790865,0x19000410,3,021fff
1757956377.3792357,0x18820810,8,10506d702020302e
1757956377.3793242,0x18820810,4,00302500
1757956377.3794608,0x18820810,5,0200007a20
1757956377.3795834,0x18820810,5,023e0c3b09
1757956377.3796704,0x18820810,3,070101
1757956377.3798118,0x18820810,8,1074202020302e30
1757956377.3799322,0x18820810,4,00f84300
1757956377.3800228,0x18820810,5,0200007a20
1757956377.3801515,0x18820810,5,0201163b09
1757956377.3802395,0x18820810,3,070101
1757956377.3803258,0x18820810,2,0d00
1757956377.3804843,0x18820810,8,1020506b20202020
1757956377.3806117,0x18820810,5,0020312000
1757956377.3806982,0x18820810,2,0d01
1757956377.380819,0x18820810,6,0a00003b0001
1757956377.3809435,0x18820810,6,0a0000000901
1757956377.3810632,0x18820810,5,0200007a20
1757956377.3811498,0x18820810,3,070202
1757956377.3812704,0x18820810,3,101e00
1757956377.3813577,0x19000410,3,101fff
1757956377.3814437,0x19000410,3,071fff
1757956377.382074,0x19000410,3,101fff
1757956377.3821614,0x19000410,3,021fff
1757956377.3822486,0x19000410,3,071fff
1757956377.38237,0x19000410,3,021fff
1757956377.3847458,0x19000410,3,101fff
1757956377.3855026,0x19000410,3,101fff
1757956377.3855894,0x19000410,3,021fff
1757956377.3856766,0x19000410,3,071fff
1757956377.3857965,0x19000410,3,021fff
1757956377.388169,0x19000410,3,101fff
1757956377.3889263,0x19000410,3,101fff
1757956377.3890135,0x19000410,3,021fff
1757956377.3891008,0x19000410,3,071fff
1757956377.38922,0x19000410,3,0d1fff
1757956377.3893123,0x19000410,3,021fff
1757956377.391681,0x19000410,3,101fff
1757956377.3927004,0x19000410,3,101fff
1757956377.3927872,0x19000410,3,0d1fff
1757956377.394306,0x19000410,3,0a1fff
1757956377.3945866,0x19000410,3,0a1fff
1757956377.3946748,0x19000410,3,021fff
1757956377.3947954,0x19000410,3,071fff
1757956377.3950887,0x19000410,3,101fff
1757956377.587204,0x18820810,5,020a016f09
1757956377.5872962,0x18820810,3,070101
1757956377.5874288,0x18820810,8,102045204f464620
1757956377.5875173,0x18820810,4,00202000
1757956377.5876572,0x18820810,5,0200007a20
1757956377.5877814,0x18820810,5,02010c3b09
1757956377.5878694,0x18820810,3,070101
1757956377.5879564,0x19000410,3,021fff
1757956377.5881064,0x18820810,8,10506d702020302e
1757956377.5881953,0x18820810,4,00302500
1757956377.5883315,0x18820810,5,0200007a20
1757956377.5884519,0x18820810,5,023e0c3b09
1757956377.5885386,0x18820810,3,070101
1757956377.5886912,0x18820810,8,1074202020302e30
1757956377.58878,0x18820810,4,00f84300
1757956377.5889156,0x18820810,5,0200007a20
1757956377.5890386,0x18820810,5,0201163b09
1757956377.589126,0x18820810,3,070101
1757956377.5892122,0x18820810,2,0d00
1757956377.5893605,0x18820810,8,1020506b20202020
1757956377.5894833,0x18820810,5,0020312000
1757956377.589573,0x18820810,2,0d01
1757956377.589695,0x18820810,6,0a00003b0001
1757956377.5898182,0x18820810,6,0a0000000901
1757956377.5899382,0x18820810,5,0200007a20
1757956377.5900257,0x18820810,3,070202
1757956377.5901134,0x18820810,3,101e00
1757956377.5902328,0x19000410,3,071fff
1757956377.5903194,0x19000410,3,101fff
1757956377.5910625,0x19000410,3,101fff
1757956377.5911534,0x19000410,3,021fff
1757956377.5912411,0x19000410,3,071fff
1757956377.5913298,0x18820810,1,12
1757956377.591417,0x19000410,3,021fff
1757956377.59374,0x19000410,3,101fff
1757956377.5944967,0x19000410,3,101fff
1757956377.594584,0x19000410,3,021fff
1757956377.5946736,0x19000410,3,071fff
1757956377.5947952,0x19000410,3,021fff
1757956377.597162,0x19000410,3,101fff
1757956377.5979192,0x19000410,3,101fff
1757956377.598009,0x19000410,3,021fff
1757956377.5980964,0x19000410,3,071fff
1757956377.598218,0x19000410,3,0d1fff
1757956377.5983057,0x19000410,3,021fff
1757956377.6006749,0x19000410,3,101fff
1757956377.6016955,0x19000410,3,101fff
1757956377.601783,0x19000410,3,0d1fff
1757956377.6032956,0x19000410,3,0a1fff
1757956377.6035793,0x19000410,3,0a1fff
1757956377.6036649,0x19000410,3,021fff
1757956377.6037817,0x19000410,3,071fff
1757956377.6040764,0x19000410,3,101fff
1757956377.6041622,0x19000410,3,121fff
1757956377.7960749,0x18820810,5,020a016f09
1757956377.7961667,0x18820810,3,070101
1757956377.7963023,0x18820810,8,102045204f464620
1757956377.7963927,0x18820810,4,00202000
1757956377.7965283,0x18820810,5,0200007a20
1757956377.79665,0x18820810,5,02010c3b09
1757956377.7967396,0x18820810,3,070101
1757956377.7968256,0x19000410,3,021fff
1757956377.796979,0x18820810,8,10506d702020302e
1757956377.7970996,0x18820810,4,00302500
1757956377.7971878,0x18820810,5,0200007a20
1757956377.7973185,0x18820810,5,023e0c3b09
1757956377.7974045,0x18820810,3,070101
1757956377.7975674,0x18820810,8,1074202020302e30
1757956377.7976542,0x18820810,4,00f84300
1757956377.7977862,0x18820810,5,0200007a20
1757956377.79791,0x18820810,5,0201163b09
1757956377.7979968,0x18820810,3,070101
1757956377.7980838,0x18820810,2,0d00
1757956377.7982318,0x18820810,8,1020506b20202020
1757956377.7983572,0x18820810,5,0020312000
1757956377.798443,0x18820810,2,0d01
1757956377.798562,0x18820810,6,0a00003b0001
1757956377.798692,0x18820810,6,0a0000000901
1757956377.7988133,0x18820810,5,0200007a20
1757956377.7989028,0x18820810,3,070202
1757956377.7989907,0x18820810,3,101e00
1757956377.7991211,0x19000410,3,101fff
1757956377.7992074,0x19000410,3,071fff
1757956377.799793,0x19000410,3,101fff
1757956377.7998831,0x19000410,3,021fff
1757956377.7999704,0x19000410,3,071fff
1757956377.8000915,0x19000410,3,021fff
1757956377.8024666,0x19000410,3,101fff
1757956377.8032205,0x19000410,3,101fff
1757956377.8033078,0x19000410,3,021fff
1757956377.8033948,0x19000410,3,071fff
1757956377.8035152,0x19000410,3,021fff
1757956377.8058891,0x19000410,3,101fff
1757956377.8066423,0x19000410,3,101fff
1757956377.806729,0x19000410,3,021fff
1757956377.8068156,0x19000410,3,071fff
1757956377.8069358,0x19000410,3,0d1fff
1757956377.8070233,0x19000410,3,021fff
1757956377.8093977,0x19000410,3,101fff
1757956377.8104184,0x19000410,3,101fff
1757956377.8105054,0x19000410,3,0d1fff
1757956377.8120222,0x19000410,3,0a1fff
1757956377.8123035,0x19000410,3,0a1fff
1757956377.81239,0x19000410,3,021fff
1757956377.8125126,0x19000410,3,071fff
1757956377.8128135,0x19000410,3,101fff
1757956378.0049515,0x18820810,5,020a016f09
1757956378.005043,0x18820810,3,070101
1757956378.0051777,0x18820810,8,102045204f464620
1757956378.005266,0x18820810,4,00202000
1757956378.0054007,0x18820810,5,0200007a20
1757956378.005524,0x18820810,5,02010c3b09
1757956378.0056114,0x18820810,3,070101
1757956378.0057044,0x19000410,3,021fff
1757956378.0058553,0x18820810,8,10506d702020302e
1757956378.0059469,0x18820810,4,00302500
1757956378.0060806,0x18820810,5,0200007a20
1757956378.0062025,0x18820810,5,023e0c3b09
1757956378.0062938,0x18820810,3,070101
1757956378.0064366,0x18820810,8,1074202020302e30
1757956378.0065246,0x18820810,4,00f84300
1757956378.0066593,0x18820810,5,0200007a20
1757956378.0067813,0x18820810,5,0201163b09
1757956378.0068676,0x18820810,3,070101
1757956378.006957,0x18820810,2,0d00
1757956378.0071065,0x18820810,8,1020506b20202020
1757956378.0072284,0x18820810,5,0020312000
1757956378.007315,0x18820810,2,0d01
1757956378.0074391,0x18820810,6,0a00003b0001
1757956378.0075681,0x18820810,6,0a0000000901
1757956378.0076888,0x18820810,5,0200007a20
1757956378.0077753,0x18820810,3,070202
1757956378.007862,0x18820810,3,101e00
1757956378.0079875,0x19000410,3,071fff
1757956378.0080745,0x19000410,3,101fff
1757956378.0087852,0x19000410,3,101fff
1757956378.008872,0x19000410,3,021fff
1757956378.0089617,0x19000410,3,071fff
1757956378.0090837,0x19000410,3,021fff
1757956378.0114567,0x19000410,3,101fff
1757956378.0122147,0x19000410,3,101fff
1757956378.0123024,0x19000410,3,021fff
1757956378.0123918,0x19000410,3,071fff
1757956378.012514,0x19000410,3,021fff
1757956378.014882,0x19000410,3,101fff
1757956378.0156364,0x19000410,3,101fff
1757956378.0157235,0x19000410,3,021fff
1757956378.0158114,0x19000410,3,071fff
1757956378.015933,0x19000410,3,0d1fff
1757956378.0160272,0x19000410,3,021fff
1757956378.0183916,0x19000410,3,101fff
1757956378.0194128,0x19000410,3,101fff
1757956378.0194988,0x19000410,3,0d1fff
1757956378.0210216,0x19000410,3,0a1fff
1757956378.0213017,0x19000410,3,0a1fff
1757956378.0213895,0x19000410,3,021fff
1757956378.0215063,0x19000410,3,071fff
1757956378.0218017,0x19000410,3,101fff
1757956378.1113665,0x18820810,1,12
1757956378.111715,0x19000410,3,121fff
1757956378.2138195,0x18820810,5,020a016f09
1757956378.2139077,0x18820810,3,070101
1757956378.2140512,0x18820810,8,102045204f464620
1757956378.2141385,0x18820810,4,00202000
1757956378.2142804,0x18820810,5,0200007a20
1757956378.2144034,0x18820810,5,02010c3b09
1757956378.2144904,0x18820810,3,070101
1757956378.214577,0x19000410,3,021fff
1757956378.2147295,0x18820810,8,10506d702020302e
1757956378.2148173,0x18820810,4,00302500
1757956378.2149544,0x18820810,5,0200007a20
1757956378.2150764,0x18820810,5,023e0c3b09
1757956378.215172,0x18820810,3,070101
1757956378.2153087,0x18820810,8,1074202020302e30
1757956378.2154303,0x18820810,4,00f84300
1757956378.2155166,0x18820810,5,0200007a20
1757956378.2156465,0x18820810,5,0201163b09
1757956378.2157347,0x18820810,3,070101
1757956378.2158227,0x18820810,2,0d00
1757956378.2159793,0x18820810,8,1020506b20202020
1757956378.2161014,0x18820810,5,0020312000
1757956378.2161896,0x18820810,2,0d01
1757956378.2163134,0x18820810,6,0a00003b0001
1757956378.216441,0x18820810,6,0a0000000901
1757956378.2165647,0x18820810,5,0200007a20
1757956378.2166557,0x18820810,3,070202
1757956378.2167418,0x18820810,3,101e00
1757956378.2168632,0x19000410,3,071fff
1757956378.2169516,0x19000410,3,101fff
1757956378.217715,0x19000410,3,101fff
1757956378.217802,0x19000410,3,021fff
1757956378.2178888,0x19000410,3,071fff
1757956378.2180111,0x19000410,3,021fff
1757956378.220387,0x19000410,3,101fff
1757956378.2211435,0x19000410,3,101fff
1757956378.2212307,0x19000410,3,021fff
1757956378.2213204,0x19000410,3,071fff
1757956378.2214413,0x19000410,3,021fff
1757956378.2238102,0x19000410,3,101fff
1757956378.2245653,0x19000410,3,101fff
1757956378.2246544,0x19000410,3,021fff
1757956378.224742,0x19000410,3,071fff
1757956378.2248623,0x19000410,3,0d1fff
1757956378.2249527,0x19000410,3,021fff
1757956378.227322,0x19000410,3,101fff
1757956378.2283409,0x19000410,3,101fff
1757956378.228428,0x19000410,3,0d1fff
1757956378.2299438,0x19000410,3,0a1fff
1757956378.2302275,0x19000410,3,0a1fff
1757956378.2303152,0x19000410,3,021fff
1757956378.2304363,0x19000410,3,071fff
1757956378.2307248,0x19000410,3,101fff
1757956378.422695,0x18820810,5,020a016f09
1757956378.4227853,0x18820810,3,070101
1757956378.422927,0x18820810,8,102045204f464620
1757956378.423016,0x18820810,4,00202000
1757956378.4231508,0x18820810,5,0200007a20
1757956378.4232738,0x18820810,5,02010c3b09
1757956378.4233613,0x18820810,3,070101
1757956378.4234478,0x19000410,3,021fff
1757956378.4236028,0x18820810,8,10506d702020302e
1757956378.4236915,0x18820810,4,00302500
1757956378.4238288,0x18820810,5,0200007a20
1757956378.4239502,0x18820810,5,023e0c3b09
1757956378.4240384,0x18820810,3,070101
1757956378.4241834,0x18820810,8,1074202020302e30
1757956378.4243026,0x18820810,4,00f84300
1757956378.4243903,0x18820810,5,0200007a20
1757956378.4245212,0x18820810,5,0201163b09
1757956378.424607,0x18820810,3,070101
1757956378.4246933,0x18820810,2,0d00
1757956378.4248524,0x18820810,8,1020506b20202020
1757956378.4249737,0x18820810,5,0020312000
1757956378.425064,0x18820810,2,0d01
1757956378.4251857,0x18820810,6,0a00003b0001
1757956378.4253125,0x18820810,6,0a0000000901
1757956378.4254317,0x18820810,5,0200007a20
1757956378.4255188,0x18820810,3,070202
1757956378.4256387,0x18820810,3,101e00
1757956378.4257278,0x19000410,3,071fff
1757956378.4258144,0x19000410,3,101fff
1757956378.4264963,0x19000410,3,101fff
1757956378.4265835,0x19000410,3,021fff
1757956378.426672,0x19000410,3,071fff
1757956378.4267943,0x19000410,3,021fff
1757956378.4291666,0x19000410,3,101fff
1757956378.429924,0x19000410,3,101fff
1757956378.4300115,0x19000410,3,021fff
1757956378.4300992,0x19000410,3,071fff
1757956378.4302258,0x19000410,3,021fff
1757956378.4325895,0x19000410,3,101fff
1757956378.4333458,0x19000410,3,101fff
1757956378.4334335,0x19000410,3,021fff
1757956378.4335208,0x19000410,3,071fff
1757956378.4336424,0x19000410,3,0d1fff
1757956378.4337327,0x19000410,3,021fff
1757956378.4361014,0x19000410,3,101fff
1757956378.4371216,0x19000410,3,101fff
1757956378.437209,0x19000410,3,0d1fff
1757956378.4387238,0x19000410,3,0a1fff
1757956378.439008,0x19000410,3,0a1fff
1757956378.439096,0x19000410,3,021fff
1757956378.4392166,0x19000410,3,071fff
1757956378.4395068,0x19000410,3,101fff
1757956378.619221,0x18820810,1,12
1757956378.6194158,0x19000410,3,121fff
1757956378.6315718,0x18820810,5,020a016f09
1757956378.631665,0x18820810,3,070101
1757956378.6318052,0x18820810,8,102045204f464620
1757956378.6319015,0x18820810,4,00202000
1757956378.6320271,0x18820810,5,0200007a20
1757956378.6321232,0x18820810,5,02010c3b09
1757956378.63225,0x18820810,3,070101
1757956378.632341,0x19000410,3,021fff
1757956378.6324842,0x18820810,8,10506d702020302e
1757956378.6325738,0x18820810,4,00302500
1757956378.6327024,0x18820810,5,0200007a20
1757956378.6328306,0x18820810,5,023e0c3b09
1757956378.6329272,0x18820810,3,070101
1757956378.633017,0x19000410,3,071fff
1757956378.6331627,0x18820810,8,1074202020302e30
1757956378.633255,0x18820810,4,00f84300
1757956378.6333804,0x18820810,5,0200007a20
1757956378.6335123,0x18820810,5,0201163b09
1757956378.6336076,0x18820810,3,070101
1757956378.6336977,0x18820810,2,0d00
1757956378.6338246,0x18820810,8,1020506b20202020
1757956378.6339543,0x18820810,5,0020312000
1757956378.6340473,0x18820810,2,0d01
1757956378.6341417,0x18820810,6,0a00003b0001
1757956378.6342895,0x18820810,6,0a0000000901
1757956378.6344137,0x18820810,5,0200007a20
1757956378.6345096,0x18820810,3,070202
1757956378.634597,0x18820810,3,101e00
1757956378.6346958,0x19000410,3,101fff
1757956378.6354442,0x19000410,3,101fff
1757956378.6355333,0x19000410,3,021fff
1757956378.6356266,0x19000410,3,071fff
1757956378.6357195,0x19000410,3,021fff
1757956378.6381133,0x19000410,3,101fff
1757956378.6388721,0x19000410,3,101fff
1757956378.6389616,0x19000410,3,021fff
1757956378.639055,0x19000410,3,071fff
1757956378.6391554,0x19000410,3,021fff
1757956378.6415355,0x19000410,3,101fff
1757956378.642292,0x19000410,3,101fff
1757956378.6423805,0x19000410,3,021fff
1757956378.6424727,0x19000410,3,071fff
1757956378.6425614,0x19000410,3,0d1fff
1757956378.642684,0x19000410,3,021fff
1757956378.6450462,0x19000410,3,101fff
1757956378.6460676,0x19000410,3,101fff
1757956378.6461554,0x19000410,3,0d1fff
1757956378.647672,0x19000410,3,0a1fff
1757956378.6479542,0x19000410,3,0a1fff
1757956378.6480463,0x19000410,3,021fff
1757956378.6481354,0x19000410,3,071fff
1757956378.6484544,0x19000410,3,101fff
1757956378.840448,0x18820810,5,020a016f09
1757956378.840539,0x18820810,3,070101
1757956378.840682,0x18820810,8,102045204f464620
1757956378.8407815,0x18820810,4,00202000
1757956378.8409095,0x18820810,5,0200007a20
1757956378.841002,0x18820810,5,02010c3b09
1757956378.841095,0x18820810,3,070101
1757956378.8412244,0x19000410,3,021fff
1757956378.8413517,0x18820810,8,10506d702020302e
1757956378.841442,0x18820810,4,00302500
1757956378.8415816,0x18820810,5,0200007a20
1757956378.841674,0x18820810,5,023e0c3b09
1757956378.8417952,0x18820810,3,070101
1757956378.84193,0x18820810,8,1074202020302e30
1757956378.8420224,0x18820810,4,00f84300
1757956378.8421571,0x18820810,5,0200007a20
1757956378.8422813,0x18820810,5,0201163b09
1757956378.8423703,0x18820810,3,070101
1757956378.842462,0x18820810,2,0d00
1757956378.8426034,0x18820810,8,1020506b20202020
1757956378.8427289,0x18820810,5,0020312000
1757956378.842821,0x18820810,2,0d01
1757956378.8429499,0x18820810,6,0a00003b0001
1757956378.8430727,0x18820810,6,0a0000000901
1757956378.843169,0x18820810,5,0200007a20
1757956378.8432596,0x18820810,3,070202
1757956378.8433876,0x18820810,3,101e00
1757956378.8434763,0x19000410,3,101fff
1757956378.8435678,0x19000410,3,071fff
1757956378.8442094,0x19000410,3,101fff
1757956378.8442984,0x19000410,3,021fff
1757956378.8443873,0x19000410,3,071fff
1757956378.8445156,0x19000410,3,021fff
1757956378.8468761,0x19000410,3,101fff
1757956378.847634,0x19000410,3,101fff
1757956378.8477225,0x19000410,3,021fff
1757956378.8478131,0x19000410,3,071fff
1757956378.847941,0x19000410,3,021fff
1757956378.8502998,0x19000410,3,101fff
1757956378.8510563,0x19000410,3,101fff
1757956378.8511453,0x19000410,3,021fff
1757956378.8512354,0x19000410,3,071fff
1757956378.8513265,0x19000410,3,0d1fff
1757956378.8514602,0x19000410,3,021fff
1757956378.8538125,0x19000410,3,101fff
1757956378.8548355,0x19000410,3,101fff
1757956378.8549247,0x19000410,3,0d1fff
1757956378.8564374,0x19000410,3,0a1fff
1757956378.8567178,0x19000410,3,0a1fff
1757956378.8568072,0x19000410,3,021fff
1757956378.8569276,0x19000410,3,071fff
1757956378.8572195,0x19000410,3,101fff
1757956379.049324,0x18820810,5,020a016f09
1757956379.0494165,0x18820810,3,070101
1757956379.049548,0x18820810,8,102045204f464620
1757956379.049639,0x18820810,4,00202000
1757956379.049775,0x18820810,5,0200007a20
1757956379.0499065,0x18820810,5,02010c3b09
1757956379.049998,0x18820810,3,070101
1757956379.0500882,0x19000410,3,021fff
1757956379.0502272,0x18820810,8,10506d702020302e
1757956379.0503175,0x18820810,4,00302500
1757956379.050454,0x18820810,5,0200007a20
1757956379.0505786,0x18820810,5,023e0c3b09
1757956379.0506675,0x18820810,3,070101
1757956379.0508053,0x18820810,8,1074202020302e30
1757956379.0508957,0x18820810,4,00f84300
1757956379.0510325,0x18820810,5,0200007a20
1757956379.0511594,0x18820810,5,0201163b09
1757956379.0512493,0x18820810,3,070101
1757956379.0513406,0x18820810,2,0d00
1757956379.0514824,0x18820810,8,1020506b20202020
1757956379.0515766,0x18820810,5,0020312000
1757956379.0516682,0x18820810,2,0d01
1757956379.051807,0x18820810,6,0a00003b0001
1757956379.0519354,0x18820810,6,0a0000000901
1757956379.0520566,0x18820810,5,0200007a20
1757956379.0521464,0x18820810,3,070202
1757956379.0522366,0x18820810,3,101e00
1757956379.0523653,0x19000410,3,101fff
1757956379.052464,0x19000410,3,071fff
1757956379.0530791,0x19000410,3,101fff
1757956379.0531693,0x19000410,3,021fff
1757956379.0532572,0x19000410,3,071fff
1757956379.0533803,0x19000410,3,021fff
1757956379.055746,0x19000410,3,101fff
1757956379.0565026,0x19000410,3,101fff
1757956379.0565891,0x19000410,3,021fff
1757956379.0566776,0x19000410,3,071fff
1757956379.0567994,0x19000410,3,021fff
1757956379.05917,0x19000410,3,101fff
1757956379.0599258,0x19000410,3,101fff
1757956379.060013,0x19000410,3,021fff
1757956379.0601003,0x19000410,3,071fff
1757956379.060234,0x19000410,3,0d1fff
1757956379.0603292,0x19000410,3,021fff
1757956379.0626855,0x19000410,3,101fff
1757956379.0637043,0x19000410,3,101fff
1757956379.0637934,0x19000410,3,0d1fff
1757956379.065309,0x19000410,3,0a1fff
1757956379.0655923,0x19000410,3,0a1fff
1757956379.0656815,0x19000410,3,021fff
1757956379.0657723,0x19000410,3,071fff
1757956379.066099,0x19000410,3,101fff
1757956379.1270707,0x18820810,1,12
1757956379.127373,0x19000410,3,121fff
1757956379.258193,0x18820810,5,020a016f09
1757956379.2582846,0x18820810,3,070101
1757956379.2584338,0x18820810,8,102045204f464620
1757956379.2585301,0x18820810,4,00202000
1757956379.2586582,0x18820810,5,0200007a20
1757956379.258749,0x18820810,5,02010c3b09
1757956379.2588396,0x18820810,3,070101
1757956379.2589731,0x19000410,3,021fff
1757956379.2591014,0x18820810,8,10506d702020302e
1757956379.2591913,0x18820810,4,00302500
1757956379.2593253,0x18820810,5,0200007a20
1757956379.2594466,0x18820810,5,023e0c3b09
1757956379.2595375,0x18820810,3,070101
1757956379.2596781,0x18820810,8,1074202020302e30
1757956379.2598033,0x18820810,4,00f84300
1757956379.2598963,0x18820810,5,0200007a20
1757956379.2600238,0x18820810,5,0201163b09
1757956379.2601237,0x18820810,3,070101
1757956379.2602158,0x18820810,2,0d00
1757956379.2603555,0x18820810,8,1020506b20202020
1757956379.2604487,0x18820810,5,0020312000
1757956379.2605388,0x18820810,2,0d01
1757956379.260685,0x18820810,6,0a00003b0001
1757956379.2608101,0x18820810,6,0a0000000901
1757956379.2609398,0x18820810,5,0200007a20
1757956379.2610288,0x18820810,3,070202
1757956379.2611191,0x18820810,3,101e00
1757956379.261209,0x19000410,3,101fff
1757956379.2613387,0x19000410,3,071fff
1757956379.2619143,0x19000410,3,101fff
1757956379.2620034,0x19000410,3,021fff
1757956379.2620926,0x19000410,3,071fff
1757956379.2622187,0x19000410,3,021fff
1757956379.2645857,0x19000410,3,101fff
1757956379.2653408,0x19000410,3,101fff
1757956379.265429,0x19000410,3,021fff
1757956379.2655163,0x19000410,3,071fff
1757956379.2656531,0x19000410,3,021fff
1757956379.26801,0x19000410,3,101fff
1757956379.2687664,0x19000410,3,101fff
1757956379.268855,0x19000410,3,021fff
1757956379.2689505,0x19000410,3,071fff
1757956379.2690423,0x19000410,3,0d1fff
1757956379.2691636,0x19000410,3,021fff
1757956379.2715209,0x19000410,3,101fff
1757956379.272541,0x19000410,3,101fff
1757956379.2726302,0x19000410,3,0d1fff
1757956379.274148,0x19000410,3,0a1fff
1757956379.2744303,0x19000410,3,0a1fff
1757956379.2745275,0x19000410,3,021fff
1757956379.2746193,0x19000410,3,071fff
1757956379.274931,0x19000410,3,101fff
1757956379.46707,0x18820810,5,020a016f09
1757956379.4671662,0x18820810,3,070101
1757956379.467302,0x18820810,8,102045204f464620
1757956379.4673967,0x18820810,4,00202000
1757956379.467525,0x18820810,5,0200007a20
1757956379.4676194,0x18820810,5,02010c3b09
1757956379.467716,0x18820810,3,070101
1757956379.4678407,0x19000410,3,021fff
1757956379.4679728,0x18820810,8,10506d702020302e
1757956379.4680667,0x18820810,4,00302500
1757956379.4681995,0x18820810,5,0200007a20
1757956379.468327,0x18820810,5,023e0c3b09
1757956379.4684227,0x18820810,3,070101
1757956379.4685595,0x18820810,8,1074202020302e30
1757956379.4686508,0x18820810,4,00f84300
1757956379.4687815,0x18820810,5,0200007a20
1757956379.4688756,0x18820810,5,0201163b09
1757956379.4690058,0x18820810,3,070101
1757956379.4690948,0x18820810,2,0d00
1757956379.469225,0x18820810,8,1020506b20202020
1757956379.469353,0x18820810,5,0020312000
1757956379.4694507,0x18820810,2,0d01
1757956379.4695456,0x18820810,6,0a00003b0001
1757956379.4696834,0x18820810,6,0a0000000901
1757956379.4698052,0x18820810,5,0200007a20
1757956379.4698963,0x18820810,3,070202
1757956379.469987,0x18820810,3,101e00
1757956379.4701135,0x19000410,3,101fff
1757956379.4702063,0x19000410,3,071fff
1757956379.4707737,0x19000410,3,101fff
1757956379.4708626,0x19000410,3,021fff
1757956379.470953,0x19000410,3,071fff
1757956379.4710767,0x19000410,3,021fff
1757956379.4734488,0x19000410,3,101fff
1757956379.4742074,0x19000410,3,101fff
1757956379.4742963,0x19000410,3,021fff
1757956379.4743896,0x19000410,3,071fff
1757956379.4744852,0x19000410,3,021fff
1757956379.476871,0x19000410,3,101fff
1757956379.4776266,0x19000410,3,101fff
1757956379.4777133,0x19000410,3,021fff
1757956379.4778073,0x19000410,3,071fff
1757956379.4779067,0x19000410,3,0d1fff
1757956379.4779975,0x19000410,3,021fff
1757956379.480382,0x19000410,3,101fff
1757956379.4814045,0x19000410,3,101fff
1757956379.4814937,0x19000410,3,0d1fff
1757956379.4830093,0x19000410,3,0a1fff
1757956379.4832892,0x19000410,3,0a1fff
1757956379.4833767,0x19000410,3,021fff
1757956379.483503,0x19000410,3,071fff
1757956379.4837866,0x19000410,3,101fff
1757956379.634918,0x18820810,1,12
1757956379.6351588,0x19000410,3,121fff
1757956379.675938,0x18820810,5,020a016f09
1757956379.6760278,0x18820810,3,070101
1757956379.6761816,0x18820810,8,102045204f464620
1757956379.676275,0x18820810,4,00202000
1757956379.6763973,0x18820810,5,0200007a20
1757956379.6764896,0x18820810,5,02010c3b09
1757956379.676612,0x18820810,3,070101
1757956379.6767044,0x19000410,3,021fff
1757956379.6768467,0x18820810,8,10506d702020302e
1757956379.6769361,0x18820810,4,00302500
1757956379.6770725,0x18820810,5,0200007a20
1757956379.677166,0x18820810,5,023e0c3b09
1757956379.6772978,0x18820810,3,070101
1757956379.6774278,0x18820810,8,1074202020302e30
1757956379.6775153,0x18820810,4,00f84300
1757956379.6776533,0x18820810,5,0200007a20
1757956379.6777778,0x18820810,5,0201163b09
1757956379.677872,0x18820810,3,070101
1757956379.6779647,0x18820810,2,0d00
1757956379.6780984,0x18820810,8,1020506b20202020
1757956379.6782234,0x18820810,5,0020312000
1757956379.6783154,0x18820810,2,0d01
1757956379.6784396,0x18820810,6,0a00003b0001
1757956379.6785684,0x18820810,6,0a0000000901
1757956379.6786618,0x18820810,5,0200007a20
1757956379.6787891,0x18820810,3,070202
1757956379.67888,0x18820810,3,101e00
1757956379.6789775,0x19000410,3,071fff
1757956379.6790705,0x19000410,3,101fff
1757956379.679832,0x19000410,3,101fff
1757956379.6799212,0x19000410,3,021fff
1757956379.6800122,0x19000410,3,071fff
1757956379.6801133,0x19000410,3,021fff
1757956379.6825027,0x19000410,3,101fff
1757956379.6832607,0x19000410,3,101fff
1757956379.6833498,0x19000410,3,021fff
1757956379.6834457,0x19000410,3,071fff
1757956379.6835415,0x19000410,3,021fff
1757956379.685925,0x19000410,3,101fff
1757956379.686683,0x19000410,3,101fff
1757956379.686772,0x19000410,3,021fff
1757956379.6868646,0x19000410,3,071fff
1757956379.6869621,0x19000410,3,0d1fff
1757956379.6870546,0x19000410,3,021fff
1757956379.6894374,0x19000410,3,101fff
1757956379.6904604,0x19000410,3,101fff
1757956379.6905503,0x19000410,3,0d1fff
1757956379.692065,0x19000410,3,0a1fff
1757956379.6923456,0x19000410,3,0a1fff
1757956379.6924357,0x19000410,3,021fff
1757956379.6925247,0x19000410,3,071fff
1757956379.692843,0x19000410,3,101fff
1757956379.884814,0x18820810,5,020a016f09
1757956379.8849044,0x18820810,3,070101
1757956379.8850508,0x18820810,8,102045204f464620
1757956379.8851466,0x18820810,4,00202000
1757956379.885273,0x18820810,5,0200007a20
1757956379.8853614,0x18820810,5,02010c3b09
1757956379.8854837,0x18820810,3,070101
1757956379.8855703,0x19000410,3,021fff
1757956379.8857234,0x18820810,8,10506d702020302e
1757956379.8858185,0x18820810,4,00302500
1757956379.8859496,0x18820810,5,0200007a20
1757956379.8860753,0x18820810,5,023e0c3b09
1757956379.886168,0x18820810,3,070101
1757956379.8863022,0x18820810,8,1074202020302e30
1757956379.8863997,0x18820810,4,00f84300
1757956379.8865333,0x18820810,5,0200007a20
1757956379.8866243,0x18820810,5,0201163b09
1757956379.8867452,0x18820810,3,070101
1757956379.8868377,0x18820810,2,0d00
1757956379.886975,0x18820810,8,1020506b20202020
1757956379.8871002,0x18820810,5,0020312000
1757956379.8871946,0x18820810,2,0d01
1757956379.887284,0x18820810,6,0a00003b0001
1757956379.887437,0x18820810,6,0a0000000901
1757956379.88754,0x18820810,5,0200007a20
1757956379.8876326,0x18820810,3,070202
1757956379.8877594,0x18820810,3,101e00
1757956379.8878534,0x19000410,3,071fff
1757956379.8879426,0x19000410,3,101fff
1757956379.888699,0x19000410,3,101fff
1757956379.8887887,0x19000410,3,021fff
1757956379.8888793,0x19000410,3,071fff
1757956379.8889716,0x19000410,3,021fff
1757956379.8913724,0x19000410,3,101fff
1757956379.8921278,0x19000410,3,101fff
1757956379.8922167,0x19000410,3,021fff
1757956379.8923068,0x19000410,3,071fff
1757956379.8924003,0x19000410,3,021fff
1757956379.8947928,0x19000410,3,101fff
1757956379.8955507,0x19000410,3,101fff
1757956379.8956397,0x19000410,3,021fff
1757956379.8957307,0x19000410,3,071fff
1757956379.8958237,0x19000410,3,0d1fff
1757956379.8959494,0x19000410,3,021fff
1757956379.898303,0x19000410,3,101fff
1757956379.899324,0x19000410,3,101fff
1757956379.8994122,0x19000410,3,0d1fff
1757956379.900925,0x19000410,3,0a1fff
1757956379.9012086,0x19000410,3,0a1fff
1757956379.9012976,0x19000410,3,021fff
1757956379.9014187,0x19000410,3,071fff
1757956379.901707,0x19000410,3,101fff
1757956380.0937006,0x18820810,5,020a016f09
1757956380.0937955,0x18820810,3,070101
1757956380.0939217,0x18820810,8,102045204f464620
1757956380.0940204,0x18820810,4,00202000
1757956380.094145,0x18820810,5,0200007a20
1757956380.0942688,0x18820810,5,02010c3b09
1757956380.094359,0x18820810,3,070101
1757956380.0944476,0x19000410,3,021fff
1757956380.0946012,0x18820810,8,10506d702020302e
1757956380.094693,0x18820810,4,00302500
1757956380.0948203,0x18820810,5,0200007a20
1757956380.0949478,0x18820810,5,023e0c3b09
1757956380.095038,0x18820810,3,070101
1757956380.0951738,0x18820810,8,1074202020302e30
1757956380.0952935,0x18820810,4,00f84300
1757956380.0953832,0x18820810,5,0200007a20
1757956380.0955176,0x18820810,5,0201163b09
1757956380.0956073,0x18820810,3,070101
1757956380.0956962,0x18820810,2,0d00
1757956380.095847,0x18820810,8,1020506b20202020
1757956380.0959668,0x18820810,5,0020312000
1757956380.0960655,0x18820810,2,0d01
1757956380.0961936,0x18820810,6,0a00003b0001
1757956380.0963185,0x18820810,6,0a0000000901
1757956380.0964065,0x18820810,5,0200007a20
1757956380.0965335,0x18820810,3,070202
1757956380.0966206,0x18820810,3,101e00
1757956380.096707,0x19000410,3,101fff
1757956380.096827,0x19000410,3,071fff
1757956380.0974724,0x19000410,3,101fff
1757956380.0975592,0x19000410,3,021fff
1757956380.0976455,0x19000410,3,071fff
1757956380.0977657,0x19000410,3,021fff
1757956380.1001408,0x19000410,3,101fff
1757956380.1008978,0x19000410,3,101fff
1757956380.1009836,0x19000410,3,021fff
1757956380.1011038,0x19000410,3,071fff
1757956380.1011944,0x19000410,3,021fff
1757956380.1035678,0x19000410,3,101fff
1757956380.1043231,0x19000410,3,101fff
1757956380.1044104,0x19000410,3,021fff
1757956380.104502,0x19000410,3,071fff
1757956380.1046243,0x19000410,3,0d1fff
1757956380.1047125,0x19000410,3,021fff
1757956380.1070876,0x19000410,3,101fff
1757956380.1081016,0x19000410,3,101fff
1757956380.108191,0x19000410,3,0d1fff
1757956380.1097069,0x19000410,3,0a1fff
1757956380.109989,0x19000410,3,0a1fff
1757956380.1100783,0x19000410,3,021fff
1757956380.1101708,0x19000410,3,071fff
1757956380.1105003,0x19000410,3,101fff
1757956380.1427693,0x18820810,1,12
1757956380.142927,0x19000410,3,121fff
1757956380.3025613,0x18820810,5,020a016f09
1757956380.3026524,0x18820810,3,070101
1757956380.3027923,0x18820810,8,102045204f464620
1757956380.3028834,0x18820810,4,00202000
1757956380.3030174,0x18820810,5,0200007a20
1757956380.303146,0x18820810,5,02010c3b09
1757956380.303233,0x18820810,3,070101
1757956380.303321,0x19000410,3,021fff
1757956380.303469,0x18820810,8,10506d702020302e
1757956380.3035574,0x18820810,4,00302500
1757956380.3036985,0x18820810,5,0200007a20
1757956380.3038201,0x18820810,5,023e0c3b09
1757956380.303908,0x18820810,3,070101
1757956380.3039956,0x19000410,3,071fff
1757956380.3041475,0x18820810,8,1074202020302e30
1757956380.304269,0x18820810,4,00f84300
1757956380.3043559,0x18820810,5,0200007a20
1757956380.304489,0x18820810,5,0201163b09
1757956380.3045802,0x18820810,3,070101
1757956380.30467,0x18820810,2,0d00
1757956380.3048253,0x18820810,8,1020506b20202020
1757956380.304918,0x18820810,5,0020312000
1757956380.3050106,0x18820810,2,0d01
1757956380.3051503,0x18820810,6,0a00003b0001
1757956380.3052788,0x18820810,6,0a0000000901
1757956380.3053992,0x18820810,5,0200007a20
1757956380.305492,0x18820810,3,070202
1757956380.3055851,0x18820810,3,101e00
1757956380.3056757,0x19000410,3,101fff
1757956380.306405,0x19000410,3,101fff
1757956380.3064938,0x19000410,3,021fff
1757956380.3065841,0x19000410,3,071fff
1757956380.3066812,0x19000410,3,021fff
1757956380.3090756,0x19000410,3,101fff
1757956380.3098333,0x19000410,3,101fff
1757956380.3099217,0x19000410,3,021fff
1757956380.3100092,0x19000410,3,071fff
1757956380.310137,0x19000410,3,021fff
1757956380.3125007,0x19000410,3,101fff
1757956380.313257,0x19000410,3,101fff
1757956380.3133469,0x19000410,3,021fff
1757956380.313435,0x19000410,3,071fff
1757956380.3135567,0x19000410,3,0d1fff
1757956380.313649,0x19000410,3,021fff
1757956380.3160124,0x19000410,3,101fff
1757956380.3170307,0x19000410,3,101fff
1757956380.3171191,0x19000410,3,0d1fff
1757956380.3186355,0x19000410,3,0a1fff
1757956380.3189175,0x19000410,3,0a1fff
1757956380.3190057,0x19000410,3,021fff
1757956380.3191302,0x19000410,3,071fff
1757956380.3194184,0x19000410,3,101fff
1757956380.5114415,0x18820810,5,020a016f09
1757956380.511533,0x18820810,3,070101
1757956380.5116653,0x18820810,8,102045204f464620
1757956380.5117579,0x18820810,4,00202000
1757956380.5118926,0x18820810,5,0200007a20
1757956380.512017,0x18820810,5,02010c3b09
1757956380.5121047,0x18820810,3,070101
1757956380.5121932,0x19000410,3,021fff
1757956380.5123472,0x18820810,8,10506d702020302e
1757956380.5124345,0x18820810,4,00302500
1757956380.512568,0x18820810,5,0200007a20
1757956380.5126894,0x18820810,5,023e0c3b09
1757956380.5127764,0x18820810,3,070101
1757956380.512923,0x18820810,8,1074202020302e30
1757956380.5130446,0x18820810,4,00f84300
1757956380.5131414,0x18820810,5,0200007a20
1757956380.5132682,0x18820810,5,0201163b09
1757956380.5133584,0x18820810,3,070101
1757956380.5134509,0x18820810,2,0d00
1757956380.5135944,0x18820810,8,1020506b20202020
1757956380.5137196,0x18820810,5,0020312000
1757956380.5138092,0x18820810,2,0d01
1757956380.5139294,0x18820810,6,0a00003b0001
1757956380.5140548,0x18820810,6,0a0000000901
1757956380.51419,0x18820810,5,0200007a20
1757956380.5142868,0x18820810,3,070202
1757956380.5143754,0x18820810,3,101e00
1757956380.5144618,0x19000410,3,101fff
1757956380.5145597,0x19000410,3,071fff
1757956380.5151842,0x19000410,3,101fff
1757956380.5152736,0x19000410,3,021fff
1757956380.5153644,0x19000410,3,071fff
1757956380.5154648,0x19000410,3,021fff
1757956380.5178533,0x19000410,3,101fff
1757956380.518612,0x19000410,3,101fff
1757956380.518701,0x19000410,3,021fff
1757956380.5187948,0x19000410,3,071fff
1757956380.5188887,0x19000410,3,021fff
1757956380.5212743,0x19000410,3,101fff
1757956380.522034,0x19000410,3,101fff
1757956380.522125,0x19000410,3,021fff
1757956380.5222208,0x19000410,3,071fff
1757956380.522314,0x19000410,3,0d1fff
1757956380.5224032,0x19000410,3,021fff
1757956380.5247886,0x19000410,3,101fff
1757956380.5258079,0x19000410,3,101fff
1757956380.5258968,0x19000410,3,0d1fff
1757956380.5274134,0x19000410,3,0a1fff
1757956380.5276966,0x19000410,3,0a1fff
1757956380.527787,0x19000410,3,021fff
1757956380.5278742,0x19000410,3,071fff
1757956380.5281932,0x19000410,3,101fff
1757956380.6506207,0x18820810,1,12
1757956380.6508236,0x19000410,3,121fff
1757956380.7203095,0x18820810,5,020a016f09
1757956380.7204,0x18820810,3,070101
1757956380.720541,0x18820810,8,102045204f464620
1757956380.7206366,0x18820810,4,00202000
1757956380.7207677,0x18820810,5,0200007a20
1757956380.7208953,0x18820810,5,02010c3b09
1757956380.7209866,0x18820810,3,070101
1757956380.721075,0x19000410,3,021fff
1757956380.721224,0x18820810,8,10506d702020302e
1757956380.7213116,0x18820810,4,00302500
1757956380.7214413,0x18820810,5,0200007a20
1757956380.721562,0x18820810,5,023e0c3b09
1757956380.7216516,0x18820810,3,070101
1757956380.7217999,0x18820810,8,1074202020302e30
1757956380.7218864,0x18820810,4,00f84300
1757956380.7220244,0x18820810,5,0200007a20
1757956380.7221453,0x18820810,5,0201163b09
1757956380.7222319,0x18820810,3,070101
1757956380.7223203,0x18820810,2,0d00
1757956380.7224665,0x18820810,8,1020506b20202020
1757956380.7225854,0x18820810,5,0020312000
1757956380.7226741,0x18820810,2,0d01
1757956380.7228017,0x18820810,6,0a00003b0001
1757956380.7229428,0x18820810,6,0a0000000901
1757956380.7230315,0x18820810,5,0200007a20
1757956380.7231562,0x18820810,3,070202
1757956380.7232466,0x18820810,3,101e00
1757956380.7233355,0x19000410,3,071fff
1757956380.723425,0x19000410,3,101fff
1757956380.7241116,0x19000410,3,101fff
1757956380.7242007,0x19000410,3,021fff
1757956380.7242875,0x19000410,3,071fff
1757956380.7244172,0x19000410,3,021fff
1757956380.726785,0x19000410,3,101fff
1757956380.7275422,0x19000410,3,101fff
1757956380.7276306,0x19000410,3,021fff
1757956380.7277246,0x19000410,3,071fff
1757956380.7278187,0x19000410,3,021fff
1757956380.7302072,0x19000410,3,101fff
1757956380.7309666,0x19000410,3,101fff
1757956380.7310572,0x19000410,3,021fff
1757956380.7311547,0x19000410,3,071fff
1757956380.731248,0x19000410,3,0d1fff
1757956380.7313473,0x19000410,3,021fff
1757956380.7337193,0x19000410,3,101fff
1757956380.7347417,0x19000410,3,101fff
1757956380.7348328,0x19000410,3,0d1fff
1757956380.736343,0x19000410,3,0a1fff
1757956380.7366273,0x19000410,3,0a1fff
1757956380.7367196,0x19000410,3,021fff
1757956380.736807,0x19000410,3,071fff
1757956380.7371247,0x19000410,3,101fff
1757956380.9291842,0x18820810,5,020a016f09
1757956380.9292753,0x18820810,3,070101
1757956380.929418,0x18820810,8,102045204f464620
1757956380.929509,0x18820810,4,00202000
1757956380.92964,0x18820810,5,0200007a20
1757956380.929761,0x18820810,5,02010c3b09
1757956380.929848,0x18820810,3,070101
1757956380.9299343,0x19000410,3,021fff
1757956380.9300985,0x18820810,8,10506d702020302e
1757956380.9301887,0x18820810,4,00302500
1757956380.930315,0x18820810,5,0200007a20
1757956380.9304376,0x18820810,5,023e0c3b09
1757956380.9305303,0x18820810,3,070101
1757956380.930671,0x18820810,8,1074202020302e30
1757956380.930759,0x18820810,4,00f84300
1757956380.9308958,0x18820810,5,0200007a20
1757956380.931015,0x18820810,5,0201163b09
1757956380.931105,0x18820810,3,070101
1757956380.931191,0x18820810,2,0d00
1757956380.9313405,0x18820810,8,1020506b20202020
1757956380.9314623,0x18820810,5,0020312000
1757956380.9315507,0x18820810,2,0d01
1757956380.9316869,0x18820810,6,0a00003b0001
1757956380.9318101,0x18820810,6,0a0000000901
1757956380.931935,0x18820810,5,0200007a20
1757956380.9320245,0x18820810,3,070202
1757956380.9321136,0x18820810,3,101e00
1757956380.9322028,0x19000410,3,101fff
1757956380.932302,0x19000410,3,071fff
1757956380.9328976,0x19000410,3,101fff
1757956380.9329884,0x19000410,3,021fff
1757956380.9330776,0x19000410,3,071fff
1757956380.9331686,0x19000410,3,021fff
1757956380.935566,0x19000410,3,101fff
1757956380.936323,0x19000410,3,101fff
1757956380.9364119,0x19000410,3,021fff
1757956380.9365034,0x19000410,3,071fff
1757956380.936592,0x19000410,3,021fff
1757956380.9389908,0x19000410,3,101fff
1757956380.9397452,0x19000410,3,101fff
1757956380.9398339,0x19000410,3,021fff
1757956380.9399264,0x19000410,3,071fff
1757956380.9400198,0x19000410,3,0d1fff
1757956380.9401195,0x19000410,3,021fff
1757956380.9424996,0x19000410,3,101fff
1757956380.9435198,0x19000410,3,101fff
1757956380.9436076,0x19000410,3,0d1fff
1757956380.9451244,0x19000410,3,0a1fff
1757956380.9454072,0x19000410,3,0a1fff
1757956380.9454954,0x19000410,3,021fff
1757956380.945583,0x19000410,3,071fff
1757956380.9459133,0x19000410,3,101fff
1757956381.1380677,0x18820810,5,020a016f09
1757956381.1381614,0x18820810,3,070101
1757956381.1382902,0x18820810,8,102045204f464620
1757956381.1383815,0x18820810,4,00202000
1757956381.1385138,0x18820810,5,0200007a20
1757956381.138642,0x18820810,5,02010c3b09
1757956381.1387331,0x18820810,3,070101
1757956381.1388223,0x19000410,3,021fff
1757956381.1389685,0x18820810,8,10506d702020302e
1757956381.139059,0x18820810,4,00302500
1757956381.1391935,0x18820810,5,0200007a20
1757956381.1393218,0x18820810,5,023e0c3b09
1757956381.1394112,0x18820810,3,070101
1757956381.1395485,0x18820810,8,1074202020302e30
1757956381.1396444,0x18820810,4,00f84300
1757956381.139777,0x18820810,5,0200007a20
1757956381.1398706,0x18820810,5,0201163b09
1757956381.1399975,0x18820810,3,070101
1757956381.1400852,0x18820810,2,0d00
1757956381.1402142,0x18820810,8,1020506b20202020
1757956381.1403348,0x18820810,5,0020312000
1757956381.140422,0x18820810,2,0d01
1757956381.1405485,0x18820810,6,0a00003b0001
1757956381.1406794,0x18820810,6,0a0000000901
1757956381.1408021,0x18820810,5,0200007a20
1757956381.1408913,0x18820810,3,070202
1757956381.1409812,0x18820810,3,101e00
1757956381.141075,0x19000410,3,101fff
1757956381.1412048,0x19000410,3,071fff
1757956381.141748,0x19000410,3,101fff
1757956381.1418364,0x19000410,3,021fff
1757956381.1419253,0x19000410,3,071fff
1757956381.1420498,0x19000410,3,021fff
1757956381.144419,0x19000410,3,101fff
1757956381.145175,0x19000410,3,101fff
1757956381.1452634,0x19000410,3,021fff
1757956381.1453514,0x19000410,3,071fff
1757956381.14548,0x19000410,3,021fff
1757956381.1478436,0x19000410,3,101fff
1757956381.1485991,0x19000410,3,101fff
1757956381.1486876,0x19000410,3,021fff
1757956381.1487758,0x19000410,3,071fff
1757956381.148902,0x19000410,3,0d1fff
1757956381.1489937,0x19000410,3,021fff
1757956381.1513546,0x19000410,3,101fff
1757956381.1523774,0x19000410,3,101fff
1757956381.1524665,0x19000410,3,0d1fff
1757956381.153979,0x19000410,3,0a1fff
1757956381.1542616,0x19000410,3,0a1fff
1757956381.154353,0x19000410,3,021fff
1757956381.15444,0x19000410,3,071fff
1757956381.154767,0x19000410,3,101fff
1757956381.15848,0x18820810,1,12
1757956381.1586297,0x19000410,3,121fff
1757956381.3469322,0x18820810,5,020a016f09
1757956381.3470223,0x18820810,3,070101
1757956381.3471646,0x18820810,8,102045204f464620
1757956381.3472614,0x18820810,4,00202000
1757956381.3473878,0x18820810,5,0200007a20
1757956381.3475134,0x18820810,5,02010c3b09
1757956381.3476014,0x18820810,3,070101
1757956381.3476954,0x19000410,3,021fff
1757956381.3478396,0x18820810,8,10506d702020302e
1757956381.3479283,0x18820810,4,00302500
1757956381.3480723,0x18820810,5,0200007a20
1757956381.348163,0x18820810,5,023e0c3b09
1757956381.3482893,0x18820810,3,070101
1757956381.3484197,0x18820810,8,1074202020302e30
1757956381.3485105,0x18820810,4,00f84300
1757956381.3486488,0x18820810,5,0200007a20
1757956381.3487394,0x18820810,5,0201163b09
1757956381.3488634,0x18820810,3,070101
1757956381.3489532,0x18820810,2,0d00
1757956381.3490903,0x18820810,8,1020506b20202020
1757956381.349213,0x18820810,5,0020312000
1757956381.3493006,0x18820810,2,0d01
1757956381.3494213,0x18820810,6,0a00003b0001
1757956381.349553,0x18820810,6,0a0000000901
1757956381.3496778,0x18820810,5,0200007a20
1757956381.3497689,0x18820810,3,070202
1757956381.3498597,0x18820810,3,101e00
1757956381.34995,0x19000410,3,071fff
1757956381.3500757,0x19000410,3,101fff
1757956381.3508077,0x19000410,3,101fff
1757956381.350897,0x19000410,3,021fff
1757956381.3509858,0x19000410,3,071fff
1757956381.3511226,0x19000410,3,021fff
1757956381.353484,0x19000410,3,101fff
1757956381.3542404,0x19000410,3,101fff
1757956381.3543303,0x19000410,3,021fff
1757956381.3544188,0x19000410,3,071fff
1757956381.354509,0x19000410,3,021fff
1757956381.3569036,0x19000410,3,101fff
1757956381.3576586,0x19000410,3,101fff
1757956381.3577473,0x19000410,3,021fff
1757956381.35784,0x19000410,3,071fff
1757956381.3579388,0x19000410,3,0d1fff
1757956381.3580618,0x19000410,3,021fff
1757956381.3604138,0x19000410,3,101fff
1757956381.3614333,0x19000410,3,101fff
1757956381.361522,0x19000410,3,0d1fff
1757956381.3630366,0x19000410,3,0a1fff
1757956381.3633213,0x19000410,3,0a1fff
1757956381.3634102,0x19000410,3,021fff
1757956381.3635037,0x19000410,3,071fff
1757956381.3638213,0x19000410,3,101fff
1757956381.5558085,0x18820810,5,020a016f09
1757956381.5558991,0x18820810,3,070101
1757956381.5560434,0x18820810,8,102045204f464620
1757956381.5561345,0x18820810,4,00202000
1757956381.5562632,0x18820810,5,0200007a20
1757956381.5563548,0x18820810,5,02010c3b09
1757956381.5564888,0x18820810,3,070101
1757956381.5565798,0x19000410,3,021fff
1757956381.5567148,0x18820810,8,10506d702020302e
1757956381.5568044,0x18820810,4,00302500
1757956381.556942,0x18820810,5,0200007a20
1757956381.5570688,0x18820810,5,023e0c3b09
1757956381.5571632,0x18820810,3,070101
1757956381.557298,0x18820810,8,1074202020302e30
1757956381.5573862,0x18820810,4,00f84300
1757956381.5575178,0x18820810,5,0200007a20
1757956381.5576472,0x18820810,5,0201163b09
1757956381.5577385,0x18820810,3,070101
1757956381.5578287,0x18820810,2,0d00
1757956381.5579658,0x18820810,8,1020506b20202020
1757956381.5580907,0x18820810,5,0020312000
1757956381.5581815,0x18820810,2,0d01
1757956381.5583062,0x18820810,6,0a00003b0001
1757956381.558437,0x18820810,6,0a0000000901
1757956381.5585253,0x18820810,5,0200007a20
1757956381.5586472,0x18820810,3,070202
1757956381.5587366,0x18820810,3,101e00
1757956381.5588353,0x19000410,3,071fff
1757956381.5589297,0x19000410,3,101fff
1757956381.5596929,0x19000410,3,101fff
1757956381.5597823,0x19000410,3,021fff
1757956381.5598776,0x19000410,3,071fff
1757956381.5599747,0x19000410,3,021fff
1757956381.5623631,0x19000410,3,101fff
1757956381.5631227,0x19000410,3,101fff
1757956381.5632122,0x19000410,3,021fff
1757956381.5633063,0x19000410,3,071fff
1757956381.5633993,0x19000410,3,021fff
1757956381.5657861,0x19000410,3,101fff
1757956381.5665438,0x19000410,3,101fff
1757956381.5666332,0x19000410,3,021fff
1757956381.5667257,0x19000410,3,071fff
1757956381.56682,0x19000410,3,0d1fff
1757956381.5669105,0x19000410,3,021fff
1757956381.569298,0x19000410,3,101fff
1757956381.57032,0x19000410,3,101fff
1757956381.57041,0x19000410,3,0d1fff
1757956381.5719213,0x19000410,3,0a1fff
1757956381.572206,0x19000410,3,0a1fff
1757956381.5722957,0x19000410,3,021fff
1757956381.572384,0x19000410,3,071fff
1757956381.5727131,0x19000410,3,101fff
1757956381.6663232,0x18820810,1,12
1757956381.6665971,0x19000410,3,121fff
1757956381.7646785,0x18820810,5,020a016f09
1757956381.7647686,0x18820810,3,070101
1757956381.7649202,0x18820810,8,102045204f464620
1757956381.7650118,0x18820810,4,00202000
1757956381.7651343,0x18820810,5,0200007a20
1757956381.7652614,0x18820810,5,02010c3b09
1757956381.765353,0x18820810,3,070101
1757956381.7654452,0x19000410,3,021fff
1757956381.765587,0x18820810,8,10506d702020302e
1757956381.7656782,0x18820810,4,00302500
1757956381.7658122,0x18820810,5,0200007a20
1757956381.7659361,0x18820810,5,023e0c3b09
1757956381.7660248,0x18820810,3,070101
1757956381.7661667,0x18820810,8,1074202020302e30
1757956381.766287,0x18820810,4,00f84300
1757956381.7663736,0x18820810,5,0200007a20
1757956381.7665105,0x18820810,5,0201163b09
1757956381.7666018,0x18820810,3,070101
1757956381.7666912,0x18820810,2,0d00
1757956381.7668414,0x18820810,8,1020506b20202020
1757956381.7669685,0x18820810,5,0020312000
1757956381.7670605,0x18820810,2,0d01
1757956381.7671533,0x18820810,6,0a00003b0001
1757956381.7672987,0x18820810,6,0a0000000901
1757956381.7674267,0x18820810,5,0200007a20
1757956381.7675152,0x18820810,3,070202
1757956381.7676065,0x18820810,3,101e00
1757956381.767697,0x19000410,3,071fff
1757956381.7678225,0x19000410,3,101fff
1757956381.7685347,0x19000410,3,101fff
1757956381.7686236,0x19000410,3,021fff
1757956381.7687132,0x19000410,3,071fff
1757956381.76884,0x19000410,3,021fff
1757956381.7712052,0x19000410,3,101fff
1757956381.7719657,0x19000410,3,101fff
1757956381.7720556,0x19000410,3,021fff
1757956381.772152,0x19000410,3,071fff
1757956381.772243,0x19000410,3,021fff
1757956381.7746305,0x19000410,3,101fff
1757956381.7753851,0x19000410,3,101fff
1757956381.775473,0x19000410,3,021fff
1757956381.7755609,0x19000410,3,071fff
1757956381.7756855,0x19000410,3,0d1fff
1757956381.7757783,0x19000410,3,021fff
1757956381.7781415,0x19000410,3,101fff
1757956381.7791622,0x19000410,3,101fff
1757956381.7792506,0x19000410,3,0d1fff
1757956381.780763,0x19000410,3,0a1fff
1757956381.7810473,0x19000410,3,0a1fff
1757956381.781137,0x19000410,3,021fff
1757956381.7812588,0x19000410,3,071fff
1757956381.781545,0x19000410,3,101fff
1757956381.973556,0x18820810,5,020a016f09
1757956381.9736476,0x18820810,3,070101
1757956381.9737904,0x18820810,8,102045204f464620
1757956381.9738822,0x18820810,4,00202000
1757956381.9740117,0x18820810,5,0200007a20
1757956381.9741347,0x18820810,5,02010c3b09
1757956381.974225,0x18820810,3,070101
1757956381.9743147,0x19000410,3,021fff
1757956381.9744618,0x18820810,8,10506d702020302e
1757956381.9745529,0x18820810,4,00302500
1757956381.9746935,0x18820810,5,0200007a20
1757956381.9747832,0x18820810,5,023e0c3b09
1757956381.9749072,0x18820810,3,070101
1757956381.975053,0x18820810,8,1074202020302e30
1757956381.9751472,0x18820810,4,00f84300
1757956381.9752693,0x18820810,5,0200007a20
1757956381.9753962,0x18820810,5,0201163b09
1757956381.9754877,0x18820810,3,070101
1757956381.9755938,0x18820810,2,0d00
1757956381.9757261,0x18820810,8,1020506b20202020
1757956381.9758282,0x18820810,5,0020312000
1757956381.9759257,0x18820810,2,0d01
1757956381.9760277,0x18820810,6,0a00003b0001
1757956381.9761806,0x18820810,6,0a0000000901
1757956381.9762716,0x18820810,5,0200007a20
1757956381.9763913,0x18820810,3,070202
1757956381.9764764,0x18820810,3,101e00
1757956381.9766033,0x19000410,3,071fff
1757956381.9766912,0x19000410,3,101fff
1757956381.9774199,0x19000410,3,101fff
1757956381.9775097,0x19000410,3,021fff
1757956381.9775982,0x19000410,3,071fff
1757956381.9777236,0x19000410,3,021fff
1757956381.9800882,0x19000410,3,101fff
1757956381.9808462,0x19000410,3,101fff
1757956381.9809344,0x19000410,3,021fff
1757956381.9810243,0x19000410,3,071fff
1757956381.9811254,0x19000410,3,021fff
1757956381.9835134,0x19000410,3,101fff
1757956381.984271,0x19000410,3,101fff
1757956381.9843602,0x19000410,3,021fff
1757956381.984455,0x19000410,3,071fff
1757956381.9845545,0x19000410,3,0d1fff
1757956381.9846437,0x19000410,3,021fff
1757956381.9870262,0x19000410,3,101fff
1757956381.9880466,0x19000410,3,101fff
1757956381.9881353,0x19000410,3,0d1fff
1757956381.9896476,0x19000410,3,0a1fff
1757956381.989934,0x19000410,3,0a1fff
1757956381.9900289,0x19000410,3,021fff
1757956381.990122,0x19000410,3,071fff
1757956381.9904377,0x19000410,3,101fff
1757956382.174183,0x18820810,1,12
